id,inci_name,rating,functions,description;;
"1,Butylene Glycol,,""moisturizer/humectant, solvent"",""Butylene glycol, or let’s just call it BG, is a multi-tasking colorless, syrupy liquid. It’s a great pick for creating a nice feeling product. BG’s main job is usually to be a solvent for the other ingredients. Other tasks include helping the product to absorb faster and deeper into the skin (penetration enhancer), making the product spread nicely over the skin (slip agent), and attracting water (humectant) into the skin. It’s an ingredient whose safety hasn’t been questioned so far by anyone (at least not that we know about). BG is approved by Ecocert and is also used enthusiastically in natural products. BTW, it’s also a food additive.""";;
"2,Tocopherol,goodie,antioxidant,""Vitamin E is the major fat-soluble antioxidant in our skin. As a strong antioxidant it’s an A-player in protecting the skin cells from the nasty little things called free-radicals that want to destroy the lovely collagen that makes our skin nice and firm. Because it’s fat soluble our skin just loves to absorb it (as opposed to water soluble things where we have to trick our skin to absorb them). Vit E can be found in many foods: vegetables, oils, seeds, nuts, corn, soy, whole wheat flour, margarine and even some meats and dairy products. The natural form is denoted by a ‘d’ in the beginning of the name and ‘dl’ denotes the synthetic form. While this is absolutely not always true, in this case research shows that the natural form is more active and is better absorbed.""";;
"3,Lactic Acid,superstar,""exfoliant, moisturizer/humectant, buffering"",""Lactic acid is the second most well-known and most well researched among the AHAs. The no. 1 is glycolic acid. If you're new to AHAs we strongly suggest that you head over to our description about glycolic acid. There you will find a super detailed geeky description and many of the things we wrote are true to all AHAs and to lactic acid as well. Here we will focus mainly on the differences. :) But before we dive in, just a short intro. Lactic acid is probably one of oldest actives, about which women have noticed that it has some nice benefits to the skin. Legend has it that in ancient Egypt Cleopatra bathed in sour milk. And yes, you guessed it right: sour milk is a major natural source of lactic acid.""";;
"4,Retinol,superstar,cell-communicating ingredient,""If you like to read about skincare (and if you are here, it seems that you do :)), we are sure that you have already read a lot about retinol. It is the ingredient everyone keeps talking about and there is a reason for that: it is the most proven anti-aging superstar available over the counter. If you want to dig a bit deeper and really understand retinol, you have to start with tretinoin. We have written a nice geeky description about it, so click here, and read all about it. So now you know that tretinoin, or retinoic acid, as it's often called, is the real, proven, FDA-approved anti-aging magic ingredient and tretinoin and retinol are both retinoids. They are not exactly the same, but they belong to the same family. With that in mind, we will focus here on the differences, and on how the anti-aging effect of retinol measures up against the anti-aging effect of tretinoin.""";;
"5,Hydrolyzed Hyaluronic Acid,goodie,moisturizer/humectant,""Hydrolyzed Hyaluronic Acid is a low molecular weight, chemically chopped up version of the naturally big molecule and current IT-moisturizer, Hyaluronic Acid (HA). The TL";" DR version of HA is that it's a huge polymer (big molecule from repeated subunits) found in the skin that acts as a sponge helping the skin to retain water, making it plump and elastic. As HA is a polymer, the subunits can be repeated many times (as a high-molecular-weight version), or just a few times (as a low-molecular-weight version). We wrote in detail at HA about how different molecular weight versions do different things both as a component of the skin and as a skincare ingredient, so click here and read about all the details. Hydrolyzed Hyaluronic Acid can also come in different molecular-weight versions with different properties:""";
"6,Oleic Acid,,""emollient, emulsifying"",""A common fatty acid that can be found in lots of plant oils. Its name, """"oleic"""", means derived from olive oil, a plant oil rich in oleic acid, but avocado, macadamia and marula oils, just to name a few, are also oleic rich. Its chemical structure is monounsaturated, meaning it has one double bond (cis-9) that makes it less kinky than polyunsaturated fatty acids with multiple double bonds. Less kinkiness means that oleic acid and OA-rich oils are a bit thicker and heavier than their LA-rich siblings. Maybe this thickness is the reason that Oleic acid is considered comedogenic, and if you have acne-prone skin avoid OA-rich plant oils, and choose linoleic acid-rich versions instead.""";;
"7,Ascorbyl Glucoside,superstar,""antioxidant, skin brightening"",""A form of skincare superstar, vitamin C. If you do not know why vitamin C is such a big deal in skincare, we have a really detailed, geeky description that's good to read. :) So now you know that because pure vitamin C is such a diva (very unstable and hard to formulate) the cosmetic industry is trying to come up with some derivatives that have the badass anti-aging properties of vitamin C (antioxidant protection + collagen boosting + fading hyperpigmentation) but without the disadvantages. This is a hard task, and there is not yet a derivative that is really proven to be better in every aspect, but Ascorbyl Glucoside is one of the best options when it comes to vitamin C derivatives. Let's see why: First, it's really stable and easy to formulate, so the problems that come with pure vitamin C are solved here.""";;
"8,Linolenic Acid,goodie,""skin-identical ingredient, emollient, surfactant/cleansing, perfuming"",""The famous omega-3 fatty acid, the mother of all ω-3 fatty acids in our body. Next to linoleic acid, it is the other essential fatty acid that our body cannot synthesize and we have to ingest it from our food. It is also a PUFA, aka polyunsaturated fatty acid with three double bonds, a kinky chemical structure and thus a liquid consistency. While linoleic acid is abundant in the skin, this is not the case with alpha-linolenic acid (ALA). It is not entirely clear if it is meant to be like that or if this is a consequence of not eating enough Omega-3 with the typical Western diet. Leafy green vegetables, walnuts, flax seeds and fish oils are rich sources of ALA and if you are not eating a lot from these, supplementing with fish oil is a pretty good idea backed by research. It is a good idea both in terms of general health benefits as well as potentially improving inflammation-related skin issues such as atopic dermatitis or acne.""";;
"9,Sodium Ascorbyl Phosphate,superstar,""antioxidant, anti-acne"",""The sodium salt form of skincare superstar, vitamin C. If you do not know what the big fuss about vitamin C is, you are missing out and you have to click here and read all the geeky details about it. Pure vitamin C (aka ascorbic acid, AA) is great and all, but its lack of stability is a big challenge for the cosmetics industry. One solution is to create stable derivatives that can be absorbed into the skin, convert there to AA and do all the magic AA is proven to do (which is being an antioxidant, a collagen booster, and a skin brightener). SAP (the vit C derivative, not the enterprise software, obvs) is a promising derivative that has great stability up to pH 7. The challenge with it though is skin penetration. Unfortunately, it seems to be limited, or to quote a great article from the Journal of Cosmetic Dermatology """"topically applied ascorbyl phosphate salts are, at very best, poorly absorbed in comparison with AA"""". Regarding conversion to AA, there seems to be no data about it, so we can neither deny nor confirm it.""";;
"10,Argania Spinosa Kernel Oil,goodie,""antioxidant, emollient"",""When it comes to cosmetic oils and hype, argan oil is for sure leading the way. Dubbed as the """"liquid gold of Morocco"""", we have to admit we have some trouble determining why this oil enjoys such a special miracle status. Not that it's not good, it is good, even great but reading the research about argan and a bunch of other plant oils we just do not see the big, unique differentiating factor (though that might be our fault not reading enough, obvs.) So, argan oil comes from the kernel of the argan fruit that comes from the argan tree that grows only in Morocco. The tree is slow growing and getting the oil is a hard job. The traditional process is that the ripe argan fruits fall from the tree, then goats eat them up and poop out the seeds. The seeds are collected and smashed with a stone to get the kernels inside. This part is the hard one as the seeds have extremely hard shells. Once the kernels are obtained, the oil is pressed out from them (the kernels contain about 50% oil). As for skincare, argan oil is loaded with lots of skin goodies (but so are many other plant oils): it contains 80% nourishing and moisturizing unsaturated fatty acids, mainly oleic (38-50%), linoleic (28-38%) and palmitic (10-18%). It also contains a relatively large amount of antioxidant vitamin E (600-900 mg/kg, about twice as much as olive), small amounts of antioxidant phenols (including caffeic acid, ferulic acid, and epicatechin), as well as some rare sterols with soothing and anti-inflammatory properties.""";;
"11,Biosaccharide Gum-1,goodie,""soothing, moisturizer/humectant"",""Biosaccharide Gum-1 is a pretty interesting kind of sugar ingredient that is created from sorbitol via bacterial fermentation. According to the manufacturer it’s a “S.M.A.R.T.” sugar: it has Soothing, Moisturizing, Anti-aging, Restructuring and Touch properties. Let’s look at them quickly one by one. Soothing: the manufacturer tested out the soothing effect in vivo (meaning on humans that is always a good thing!) by measuring how 3% Biosaccharide Gum-1 decreased the tingling sensation caused by 10% lactic acid. The result was good: the tingling was decreased by 47%.""";;
"12,Copper Tripeptide-1,superstar,""cell-communicating ingredient, soothing, antioxidant"",""Compared to A-list skincare superstars (think vitamin C, glycolic or retinol), copper-tripeptide seems to be the new and exciting thing, but in fact, it has been around for a long time, since 1973 to be exact. Before we dive in, let's just quickly see what the heck copper-tripeptide-1 is, or GHK-Cu? The GHK part is a three amino acid peptide of glycine-histidine-lysine that can be found naturally in yucky bodily fluids (if you are wondering in plasma, saliva, and urine). The Cu part is the copper, an essential trace element in the human body (and in all living things). It turns out GHK and Cu love each other, and if they meet, they form a complex that is called copper-tripeptide. Wound healing and anti-inflammatory properties The guy who discovered GHK-Cu is called Dr. Pickart and in the first 15 years of his GHK-Cu studies, he found out that it helps wound healing and has anti-inflammatory properties. His work resulted in the FDA-approved Iamin hydrating gel to treat acute and chronic wounds.""";;
"13,Acetyl Glucosamine,superstar,""skin-identical ingredient, skin brightening"",""An amino acid sugar that can be found in the skin and does there good and important things. One of them is that it's a precursor for the biosynthesis of superstar moisturizer, hyaluronic acid. So acetyl glucosamine itself is also an important skin-identical ingredient and natural moisturizing factor. But that is not all, acetyl glucosamine has two other great properties proved by double-blind clinical trials. First, it's a promising ingredient against wrinkles: 2% can improve wrinkles, particularly in the eye area. Second, the same amount can also fade - always stubborn - brown spots. (Do not expect magic, though - the photos from the study show the difference after 8 weeks of daily use. The difference is visible, but not that big. It's always good to have realistic expectations. :)) Combined with skincare superstar niacinamide the duo is synergistic and is more effective at improving hyperpigmentation, so if you are after the skin-lightening benefit look out for products that contain both.""";;
"14,Palmitoyl Tetrapeptide-7,goodie,cell-communicating ingredient,""A four amino acid peptide with the amino sequence of glycine-glutamine-proline-arginine. It is attached to palmitic acid (a fatty acid) to increase oil solubility and skin penetration. It works by reducing the production of the signal molecule, interleukin-6 (IL-6) which promotes inflammation in the skin and less inflammation means slower degradation of important things (like collagen) that results in younger looking skin for a longer time. It works in synergy with its pal, Palmitoyl Tripeptide-1 in the famous Matrixyl 3000 complex. You can read some more about the famous duo here.""";;
"15,Methoxyphenylimino Dimethylcyclohexenyl Ethyl Glycinate,goodie,,""Methoxyphenylimino Dimethylcyclohexenyl Ethyl Glycinate is a biomimetic ingredient that copies secondary metabolites produced by marine organisms to protect themselves from UV radiation. Thus, the ingredient is also claimed to work as an SPF booster and to provide color and fragrance protection in formulas.""";;
"16,Menthone Glycerin Acetal,,,""An oil-soluble cooling agent that gives a similar cooling and freshness sensation as Menthol (1% of Menthone Glycerin Acetal vs 0.5% of Menthol). The recommended usage range is 0.1-2%, and the formula pH has to be higher than 6.5.""";;
17,Menthyl Lactate,icky,,A menthol-derived cooling agent that is claimed to give a long-lasting cooling effect (similar to menthol itself) while also being moisturizing and less irritating than menthol thanks to the lactic acid part. It's recommended to be used at 0.5-1%.;;
18,Sodium Acrylates Crosspolymer-2,,absorbent/mattifier,A spherical powder that holds more than 20 times its dry weight in water. Sodium Acrylates Crosspolymer-2 gives formulas a unique gel-to-water-to-powder transformation. It also has a blurring effect on lines & wrinkles.;;
"19,Hydrogenated Vegetable Glycerides,,""emollient, viscosity controlling"",""Hydrogenated Vegetable Glycerides is a blend of fatty acid mono and diesters (kind of like an oil molecule but not with three but only one or two fatty acid chains on the glycerin) that exists in lots of versions. It can be a consistency-giving wax (think something like glyceryl stearate), or it can be a rich jelly emollient that acts as a petrolatum alternative.""";;
"20,Phytosteryl Sunflowerseedate,,,""There is not much information about Phytosteryl Sunflowerseedate on its own out there, but it usually comes to the formula combined with Dilinoleic Acid/​Propanediol Copolymer and Hydrogenated Vegetable Glycerides. The trio acts as a vegetable lanolin alternative, bringing rich emollience to the formula.""";;
"21,Dilinoleic Acid/​Propanediol Copolymer,,""emollient, viscosity controlling"",""Dilinoleic Acid/Propanediol Copolymer is a slightly tacky, glossy emollient that is commonly used in lip products as it is soluble in lip product's favorite oil, castor oil"; it sticks well to the skin (substantive) and gives a nice glossy appearance. It also often comes to the ingredient list (especially in non-lip products) combined with Phytosteryl Sunflowerseedate and Hydrogenated Vegetable Glycerides;" in this case, the trio serves as a vegetable lanolin alternative, bringing rich emollience to the formula."""
22,Cetyl Lactate,,emollient,Cetyl Lactate is a multipurpose emollient that gives the formula a nice slip and makes your skin silky and smooth. It is also claimed to reduce tackiness and greasiness in the formulation.;;
"23,Castor Oil/​IPDI Copolymer,,,""A castor oil-derived polymer that can thicken up oils. It can form clear oily gels, and it can also suspend particles such as pigments, glitters, or mineral filters.""";;
"24,Triolein,,emollient,""A high stability high oleic acid oil derived from microalgae in an eco-friendly process. It works as an emollient in the formula, similar to other vegetable oils.""";;
"25,Maleated Soybean Oil Glyceryl/​Octyldodecanol Esters,,,""An environmentally friendly, biodegradable film former and SPF booster used in sunscreen products. It helps sunscreens create a nice, even layer on the skin that stays there for a long time.""";;
"26,Tetrapeptide-21,goodie,cell-communicating ingredient,""A four amino acid (Glycine – Glutamic acid – Lysine – Glycine) peptide that belongs to the group of signal peptides that mimic skin-protein breakdown products to trick the skin into creating some nice new skin proteins, such as collagen (if this sentence is not clear, here is a bit longer and nicer explanation). According to its manufacturer, Tetrapeptide-21 shows superior collagen, hyaluronic acid and fibronectin (all nice and important skin elements) boosting activity, and can smooth and minimize all kinds of wrinkles. The in-vitro data (made on human dermal fibroblast culture) showed that compared to Matrixyl (the first-generation Matrixyl peptide called Palmitoyl Pentapeptide-4), the collagen production in the presence of Tetrapeptide-21 was almost 2-fold higher (and about 2.5-fold vs the control). This data was confirmed by an in-vivo study that compared on 60 volunteers 0.5% Tego Pep 4-17 (10ppm of Tetrapeptide-21), 5% Tego Pep 4-17 (100ppm of Tetrapeptide-21) and 10% Matrixyl (10ppm of Palmitoyl Pentapeptide-4) and found that Tetrapeptide-21 performed better after 8 weeks for skin volume, roughness and elasticity. The manufacturer also did another 60 people anti-wrinkle study with 4% Tego Pep 4-17 (compared to vehicle) where they have some nice before and after pictures showing visible-to-the-naked-eye wrinkle reduction around the eye area.""";;
27,Hydroxypropyl Cyclodextrin,,,A type of bucket or donut-shaped molecule with a water-loving outer side and an oil-loving inner side that is used mostly to encapsulate other actives in cosmetics.;;
"28,Copper Palmitoyl Heptapeptide-14,goodie,cell-communicating ingredient,""Copper Palmitoyl Heptapeptide-14 is the payload peptide (a short chain of amino acids) in the encapsulated copper peptide technology trade named X50 Antiaging. The delivery system (called The Cosmetic Drone) is a high-tech capsule where our peptide is wrapped in a biocompatible polymer shell (created from Lactic Acid/Glycolic Acid Copolymer, Polyvinyl Alcohol) and another peptide, which has an affinity to the fibroblast receptors, sits on the outside of the capsule and guides it to the right place in the skin. The right place in this case is the fibroblast cell (the important collagen-producing cell in the dermis), so once Copper Palmitoyl Heptapeptide-14 is there, it promotes the gene expression of both collagen and elastin. According to the 30-person in-vivo (made on real humans) test of the manufacturer, the participants experienced an average of 33% reduction in wrinkles and 19% increase in elasticity in 28 days. Thanks to the advanced delivery system, the active works at the tiniest concentration of 0.001%. Fun fact: the unit of sale for the X50 Antiaging powder is not kg as all other actives but it is g, this is how little you need from it.""";;
"29,Lactococcus Ferment Lysate,goodie,,""Lactococcus Ferment Lysate is a fairly new probiotic ingredient that is obtained from the Gram-positive bacteria, Lactococcus lactis. The lysate is a fluid substance that is produced when you break down the cell membrane, which means it contains interesting things including cytoplasm and cell wall fragments. According to the manufacturer, it positively influences both the speed and quality of epidermal growth that results in better barrier function and overall skin quality. To prove their point, the German manufacturer conducted several in-vitro (made in test tubes) tests examining how the treatment with Lactococcus Ferment Lysate (LFL) affects important skin proteins. They found that gene expression influencing the proteins binding the live skin cells together (such as Occludin, Desmocollin 1 and Desmoglein 1) is stimulated by LFL, as well as the expression of enzymes (Kallikrein 5 and 7) breaking the bonds between the shedding dead skin cells. LFL also had a positive influence on epidermal growth and on the thickness of the stratum corneum (the outermost layer of the skin). Another positive finding was that LFL stimulated the production of antimicrobial peptides that play an important role in the immunocompetence of the skin cells.""";;
"30,Alcohol Denat.,icky,""antimicrobial/antibacterial, solvent, viscosity controlling, astringent"",""If you want to start a debate between skincare experts, mentioning alcohol will probably be a good way to do that (Btw, denat means denaturated and it's normal alcohol with some additives that make it poisonous and bad tasting so that people do not drink it.). It's a controversial ingredient that has definitely many immediate skincare benefits and some potential longer-term drawbacks. So let's see first the benefits, why it's so often used. First, it is a great solvent. There are some ingredients that do not dissolve in water or oil and alcohol is often the way to go. Second, it's great at creating cosmetically elegant, fast absorbing, thin formulas. For example creating a nice, non-oily sunscreen is still a big challenge to the cosmetic industry (because sunscreen ingredients are yucky and oily) and alcohol can help with this problem. Third, alcohol is a great astringent, leaves a refreshing feeling on the skin so it's very popular as a toner ingredient. And last but not least, it's antimicrobial, helps to disinfect the skin so it is common in after-shaves or products intended for acne-prone skin. It even works as a preservative that is often used in natural products. So now let's see what's not so good about it: First, it dries the skin. As an immediate effect for oily skin types that might sound like a benefit, but in the longer term alcohol often dries out the skin so much that the skin compensates with extra oil production. Famous dermatologist, Dr. Leslie Baumann in her Skin Type Solution book suggests avoiding alcohol if it's in the first 7 positions on the ingredient list.""";;
"31,Gluconolactone,superstar,""exfoliant, chelating"",""Gluconolactone is kind of an acid, even though you would probably not guess it from its name. It’s a PHA, or polyhydroxy acid. PHAs are close relatives to the famous AHAs, both in terms of similar chemical structure and similar effects on the skin. They are often marketed as new-generation AHAs. So if AHAs do not tell you anything, you can read all about them here. Go and read. We tell you, it’s worth the time. So the main promise of gluconolactone (and also its brother, the other most often used PHA, lactobionic acid) is that it has comparable awesome skin benefits to AHAs but without the irritation as a side effect. Sounds great, right? There was a study done in 2004 that compared a PHA skincare regimen and an AHA skincare regimen for 12 weeks focusing on irritation and anti-aging benefits. The result? PHAs scored much better at irritation, stinging and burning (and much better means of course much less), and they scored very similar for anti-aging, skin-smoothing effects. There were only two aspects where the AHAs scored a bit better: pinch recoil and skin sallowness.""";;
"32,Azelaic Acid,superstar,""anti-acne, soothing, buffering"",""Azelaic acid is a superstar acid with some serious magic properties. Before we list them out here's just a short intro. Azelaic acid is a so-called carboxylic acid. It’s not an AHA or BHA but a distant relative to them (all being carboxylic acids). It can be found naturally in wheat, rye, and barley. Magic property no.1: Antibacterial effect → Anti-AcneA very cool property of azelaic acid is that it has a great antibacterial effect. It works against multiple bacteria including the evil, acne-causing Propionibacterium acnes (P. acnes). Very few ingredient are proven to work against P. acnes, so this alone makes azelaic acid an awesome choice for acne-prone skin.""";;
"33,Niacinamide,superstar,""cell-communicating ingredient, skin brightening, anti-acne, moisturizer/humectant"",""Niacinamide, or as us normal people call it vitamin B3, is a real skincare superstar that has had so many studies and has so many skin benefits that we have to warn you that this """"geeky details"""" description will not be short. Just as an intro a couple of thing about the stuff itself: it's a water-soluble vitamin that usually comes in white powder form. It is odorless and has a salty, bitter taste. It can be found in meat, fish, wheat and small amounts in vegetables. The version used in cosmetics is produced exclusively synthetically. #1: Anti-aging, wrinkle-smoothing properties: With age, our skin tends to slow down in many ways. One of them is in producing important proteins, such as keratin, filaggrin, and involucrin, at a slower rate. Reduced amounts of these proteins results in poorer skin structure, reduced skin elasticity, and more wrinkles. Studies show that niacinamide can boost collagen production as well as the production of these three important proteins. That means improved skin structure and fewer wrinkles. FYI, anti-aging studies usually use 4-5% niacinamide daily for 8-12 weeks, so if you are after the anti-aging benefits try to choose a product that tells you the exact percentage of niacinamide it contains.""";;
"34,Panthenol,goodie,""soothing, moisturizer/humectant"",""An easy-to-formulate, commonly used, nice to have ingredient that’s also called pro-vitamin B5. As you might guess from the “pro” part, it’s a precursor to vitamin B5 (whose fancy name is pantothenic acid). Its main job in skincare products is to moisturise the skin. It’s a humectant meaning that it can help the skin to attract water and then hold onto it. There is also research showing that panthenol can help our skin to produce more lovely lipids that are important for a strong and healthy skin barrier. Another great thing about panthenol is that it has anti-inflammatory and skin protecting abilities. A study shows that it can reduce the irritation caused by less-nice other ingredients (e.g. fragrance, preservatives or chemical sunscreens) in the product.""";;
"35,Citric Acid,,buffering,""Citric acid comes from citrus fruits and is an AHA. If these magic three letters don’t tell you anything, click here and read our detailed description on glycolic acid, the most famous AHA. So citric acid is an exfoliant, that can - just like other AHAs - gently lift off the dead skin cells of your skin and make it more smooth and fresh. There is also some research showing that citric acid with regular use (think three months and 20% concentration) can help sun-damaged skin, increase skin thickness and some nice hydrating things called glycosaminoglycans in the skin.""";;
"36,Rosa Rubiginosa Seed Oil,goodie,""antioxidant, emollient"",""The oil coming from the seeds of the wild rose bush most common in the southern Andes in Chile (btw, Rosa Rubiginosa, Rosa Eglanteria and Rosa Mosqueta all refer to the same oil, however, the more commonly used Rosa Canina is a bit different). Similar to many other great plant oils, it is a nice nourishing and moisturizing oil loaded with fatty acids (linoleic acid - 44%, linolenic acid - 34% and oleic acid - 14%). What makes rosehip oil a special snowflake among all the plant oils out there is that it also contains the miracle active, trans-retinoic acid, aka tretinoin. It is the main bioactive component of the oil and has all kinds of magic abilities including restoring and regenerating tissues (the oil is great for scars and burns), decreasing wrinkles, helping acne and even normalizing pore size. Just one more note: a study found that the tretinoin content of rosehip seed oil greatly depends on the extraction method. The oil coming from cold pressing contained seven times more tretinoin (0.357 ml/l) than the oil from organic solvent extraction. Always go for the cold-pressed version!""";;
"37,Rosa Damascena Flower Oil,icky,""antioxidant, perfuming, antimicrobial/antibacterial"",""We are big fans of all kinds of roses as ornamental plants but when it comes to skincare, it is a mixed bag. Before we list out the good and the not so good, here is an interesting thing. The oil content in rose is very, very low so distilling rose essential oil requires huge amounts of rose flowers. It has such a wonderful scent that there are no comparable synthetic alternatives. You can probably guess that this means rose essential oil is expensive.... very very expensive. So the good things: thanks to its wonderful scent the high-end perfume industry loves rose oil. Also, we (humans :)) love rose oil. We love its scent so much that it can heal headaches, depression, stress, and even grief.""";;
"38,Ascorbic Acid,superstar,""antioxidant, skin brightening, buffering"",""If Vit C was a person it would be someone like Beyoncé, Jennifer Lopez or Mariah Carey. Serious performance, A-list superstar but at the same time shows some major divaish behaviour. But before we dive into it let’s just take a quick look where Vit C comes from. By the 18th century sailors noticed that if they eat plenty of citrus fruits that helps to prevent scurvy (an ugly disease that causes bleeding gums and other bad things - caused by Vit C deficiency). At that time they had no clue what it was inside citrus fruits that helped. Scientists managed to figure out only in the 1930s what Vitamin C is. Since then it’s been a much researched, lovely vitamin that has turned out to have tremendous health benefits not only for our body but also for our skin. It’s the primary water-soluble antioxidant in our tissue and plays a big role in the complicated process where our skin creates some nice new skin-firming collagen.""";;
"39,Glycolic Acid,superstar,""exfoliant, buffering"",""Unless you have avoided every bit of skin care info out there so far (in this case special welcome to you! :)) you must have heard of glycolic acid. Or at least about AHAs or to put it even more nice-sounding fruit acids. AHAs (alpha-hydroxy acids) stand for a whole group of ingredients and glycolic acid is one of them. If you are a chemist geek type you might want to know that the point of AHAs is that they contain a hydroxy group (-OH) and a carboxylic acid part (HO¬ =0) and these two parts are only one carbon apart (if they are two carbons apart it’s a beta-hydroxy acid). You can find great description and great drawings about all this on the super nice blog, LabMuffin. So glycolic acid is an AHA and it’s the smallest and simplest one of them. It can be found naturally in grape, sugar cane juice, sugar beet and Virginia creeper leaves, but more often than not the version used in cosmetics is synthetic.""";;
"40,Vitis Vinifera Seed Extract,goodie,""antioxidant, antimicrobial/antibacterial"",""We wholeheartedly support the rise of seedless grapes as fruit snacks, but when it comes to skincare, we are big fans of the seeds. They contain the majority of the skin goodies that - similar to green tea - are mostly polyphenols (but not the same ones as in tea). The most abundant ones in grape are called proanthocyanidins, and 60-70% of them are found in the seeds (it's also often abbreviated as GSP - grape seed proanthocyanidins). In general, the darker the fruit, the more GSPs and other flavonoids it contains. So what's so special about GSPs? Well, they are super-potent antioxidants, much stronger than Vitamin C or Vitamin E. And if that's not enough, GSPs and other flavonoids in grape also show UV protecting and anti-cancer properties.""";;
"41,Glycerin,superstar,""skin-identical ingredient, moisturizer/humectant"",""Glycerin doesn’t sound very glamorous but it is a real oldie but a goodie. It’s been used in cosmetics for more than 50 years and it’s a totally natural ingredient that’s also in the outermost layer of our skin (called stratum corneum - SC). It’s a so-called humectant type of moisturiser meaning that it helps our skin to cling onto water. A 2005 study has shown that glycerin levels correlate with skin hydration levels, so more glycerin means better hydrated skin. As newer studies examine glycerin it turns out more and more that it’s not just a simple humectant but also does some other important things:""";;
42,New on INCIDecoder,,,This is where we show you the ingredients that have a shiny new explanation. We are working hard to have here some new stuff every day.;;
"43,Salicylic Acid,superstar,""exfoliant, anti-acne, soothing, preservative"",""If you have ever struggled with let’s just call it “problem skin” (you know, acne, blackheads, whiteheads, large pores) then most probably you are familiar with salicylic acid (SA). Even if the name does not ring a bell, you have probably used it. Next to benzoyl peroxide, it’s the gold standard ingredient for treating problem skin. Reason #1: It can exfoliate skin both on the surface and in the pores AHAs are very cool, but they are water soluble and cannot go into the pores. SA is lipid soluble and it can go right into the pores and shed the stuck, dead skin cells out from there. That’s really good for treating blackheads as well as preventing acne formation. This was confirmed also by a study that compared 8% AHA and 2% BHA for treating blackheads. AHA did not decrease the blackhead density statistically significantly, but BHA did.""";;
"44,Opuntia Ficus-Indica Extract,goodie,""soothing, moisturizer/humectant"",""Prickly pear is a cactus that’s native to Mexico. It has large, sweet fruit that’s called tunas and has been used as a source of food since pre-Hispanic Mexico. Currently jams and jellies are produced from it and also a traditional Mexican alcoholic drink called colonche. But what is it doing in our skincare products? Well, according to swiss manufacturer, Mibelle its two main properties are that it soothes and hydrates the skin. And what’s more, they have also created some nice test results both in vitro and in vivo (in the lab tubes and on humans) showing that Opuntia Ficus-Indica can protect skin cells against UV light. And that’s still not all. An American manufacturer has combined the ingredient with yeast extract and the two together helps to reduce neurosensory irritation caused by the application of topical products such as retinoids (slow reaction), alpha hydroxy acids (fast reaction) or preservatives which induce some type of irritation or inflammation.""";;
"45,Simmondsia Chinensis Seed Oil,goodie,emollient,""Jojoba is a drought resistant evergreen shrub native to South-western North America. It's known and grown for jojoba oil, the golden yellow liquid coming from the seeds (about 50% of the weight of the seeds will be oil). At first glance, it seems like your average emollient plant oil: it looks like an oil and it's nourishing and moisturizing to the skin but if we dig a bit deeper, it turns out that jojoba oil is really special and unique: technically - or rather chemically - it's not an oil but a wax ester (and calling it an oil is kind of sloppy). So what the heck is a wax ester and why is that important anyway? Well, to understand what a wax ester is, you first have to know that oils are chemically triglycerides: one glycerin + three fatty acids attached to it. The fatty acids attached to the glycerin vary and thus we have many kinds of oils, but they are all triglycerides. Mother Nature created triglycerides to be easily hydrolyzed (be broken down to a glycerin + 3 fatty acid molecules) and oxidized (the fatty acid is broken down into small parts) - this happens basically when we eat fats or oils and our body generates energy from it.""";;
"46,Ceramide EOP,goodie,skin-identical ingredient,""Ceramides get quite a lot of hype recently and good news: there is a reason for that. But before we go into the details, let's just quickly define what the heck ceramides are: They are waxy lipids that can be found naturally in the outer layer of the skin (called stratum corneum - SC). And they are there in big amounts! The goopy stuff between our skin cells is called extracellular matrix that consists mainly of lipids. And ceramides are about 50% of those lipids (the other important ones are cholesterol with 25% and fatty acids with 15%). Ok, so now we know what ceramides are, let's see what they do in our skin: research shows clearly that they play a super important role in keeping the skin barrier healthy and the skin hydrated. If ceramides in the skin are decreased, more water can evaporate from the skin and there is less water remaining in the skin. So ceramides form kind of a """"water-proof"""" protecting layer and make sure that our skin remains nice and hydrated.""";;
"47,Beta-Glucan,goodie,""soothing, moisturizer/humectant"",""Beta-Glucan is a nice big molecule composed of many smaller sugar molecules (called polysaccharide). It’s in the cell walls of yeast, some mushrooms, seaweeds, and cereals. It’s a real goodie no matter if you eat it or put it on your face. Eating it is anti-diabetic, anti-cancer, and even lowers blood cholesterol. Putting it on your face also does a bunch of good things: it‘s shown to have intensive skin repairing & wound healing properties, it’s a mild antioxidant, a great skin soother, and moisturizer, and it even shows promising anti-aging benefits.""";;
"48,Tretinoin,superstar,cell-communicating ingredient,""If you wanna get the best possible anti-aging (and a bunch of other) effects from your skincare products, tretinoin (or one of the other form of retinoids) has to be in your skincare routine. Tretinoin works! It's proven and it's the gold standard in anti-aging technology. It's the real deal. Before we dive deep into this topic, let's just clear up some vocab: the word """"retinoids"""" refers to a group of compounds that are all derived from vitamin A. Retinoids include beta-carotene (the thing in orange vegetables, like carrot or sweet potato), retinol (pure vitamin A itself), and tretinoin. There are a few other forms, but let's not get caught up in the details too much. Retinoic acid is a kind of synonym for tretinoin, or to be exact all-trans-retinoic-acids are exactly the same as tretinoin. FYI, tretinoin is a naturally occurring thing and can be found in good quality rosehip oil. A little history Retinoids are not something new and the intense research into them started quite a while ago. In 1937 Paul Karrer won the Nobel prize for figuring out the structure of vitamin A. Twelve years later, retinol was successfully synthesized and since then, vitamin A derivatives started to pop up.""";;
"49,Tetrahexyldecyl Ascorbate,goodie,""antioxidant, skin brightening"",""Tetrahexyldecyl Ascorbate is a stable, oil-soluble form of skincare big shot Vitamin C. If you do not know, why Vitamin C is such a big deal in skincare, click here and read all about it. We are massive vitamin C fans and have written about it in excruciating detail. So now, you know that Vitamin C is great and all, but it's really unstable and gives cosmetics companies many headaches. To solve this problem they came up with vitamin C derivatives, and one of them is Tetrahexyldecyl Ascorbate (let's call it THDA in short). It's a really promising candidate (see below), but while reading all the goodness about it in a minute, do not forget that derivatives not only have to be absorbed into the skin but also have to be converted to pure vitamin C (ascorbic acid or AA) and the efficacy of the conversion is often unknown. In addition, vitamin C's three magic properties (antioxidant, collagen booster, skin brightener) are all properly proven in-vivo (on real people), but for the derivatives, it's mostly in-vitro studies or in the case of THDA, it's in-vitro and done by an ingredient supplier.""";;
"50,Ectoin,goodie,""antioxidant, soothing, moisturizer/humectant"",""Ectoin is a surprisingly well-researched, multi-functional active that can do from pollution & light protection to skin hydration, soothing, and barrier repair, several things to your skin. It is an extremolyte, a small stress-protection molecule that protects microorganisms living under extreme conditions such as salt lakes, hot springs, arctic ice, the deep sea, or deserts. It was discovered in 1985 in a microorganism living in a salt lake in the Egyptian desert. The key skill of Ectoin is protection that applies also to the skin. Its main mode of action is binding water molecules (aka kosmotropic) and creating hydro complexes. These complexes then surround important biomolecules (e.g. cells, proteins, enzymes) and form a stabilizing hydration shell around them.""";;
"51,Hyaluronic Acid,superstar,""skin-identical ingredient, moisturizer/humectant"",""Hyaluronic acid (HA) and its various forms are the current IT-moisturizers. So let’s see, what is hyaluronic acid and even more importantly what’s the big deal about it? HA is a nice big sugar molecule from repeated subunits (polymer) that can be found naturally in our body. It’s the most dominant, and most important molecule in the liquidy stuff between our skin cells (the sciency name for it is the extracellular matrix or ECM). A 70 kg adult has about 15 g of HA in her body, and half of it is in the skin. Most of the skin HA is in the dermis (the deeper layer - about 0.5 mg/kg) but there is also some in the epidermis (the upper layer - about 0.1 mg/kg). Saying it’s a big molecule, doesn’t do it justice. By default, it’s a HUGE molecule. Its molecular weight can be up to 4 million Dalton (that is just the unit molecular weight is measured in). To compare, normal table sugar that you bake with has a molecular weight of 340 Dalton.""";;
"52,Centella Asiatica Extract,goodie,""soothing, antioxidant, moisturizer/humectant"",""Centella Asiatica - or sometimes also called Gotu Kola or Cica - has been used in folk medicine for hundreds of years. It’s traditionally used to improve small wounds, burns and scratches and it’s also a well known anti-inflammatory agent for eczema. Recently science has taken an interest in Gotu Kola as well and it turns out it really has many active compounds with several benefits. Just for hard-core geeks, the main biologically active compounds are pentacyclic triterpenoid saponins called asiaticoside, madecassoside, asiatic and madecassic acid (also called centellosides). One of the biological activities of the centellosides is to be able to stimulate GAGs (glycosaminoglycans - polysaccharides that are part of the liquidy stuff between our skin cells), and especially hyaluronic acid synthesis in our skin. This is probably one of the reasons why Centella Asiatica Extract has nice skin moisturizing properties that was confirmed by a 25 people, four weeks study along with Centella's anti-inflammatory effects.""";;
"53,Retinyl Palmitate,,cell-communicating ingredient,""It's an ester form of vitamin A (retinol + palmitic acid) that belongs to the """"retinoid family"""". The retinoid family is pretty much the royal family of skincare, with the king being the FDA-approved anti-aging ingredient tretinoin. Retinol is also a very famous member of the family, but it's like Prince George, two steps away from the throne. Retinyl palmitate will be then Prince Charlotte (George's little sister), quite far (3 steps) away from the throne. By steps, we mean metabolic steps. Tretinoin, aka retinoic acid, is the active ingredient our skin cells can understand and retinyl palmitate (RP) has to be converted by our metabolic machinery to actually do something. The conversion is a 3 step one and looks like this: retinyl palmitate --> retinol -- > retinaldehyde --> all-trans-retinoic acid""";;
"54,Sodium Hyaluronate,goodie,""skin-identical ingredient, moisturizer/humectant, NMF"",""It’s the - sodium form - cousin of the famous NMF, hyaluronic acid (HA). If HA does not tell you anything we have a super detailed, geeky explanation about it here. The TL";" DR version of HA is that it's a huge polymer (big molecule from repeated subunits) found in the skin that acts as a sponge helping the skin to hold onto water, being plump and elastic. HA is famous for its crazy water holding capacity as it can bind up to 1000 times its own weight in water. As far as skincare goes, sodium hyaluronate and hyaluronic acid are pretty much the same and the two names are used interchangeably. As cosmetic chemist kindofstephen writes on reddit """"sodium hyaluronate disassociates into hyaluronic acid molecule and a sodium atom in solution"""". In spite of this, if you search for """"hyaluronic acid vs sodium hyaluronate"""" you will find on multiple places that sodium hyaluronate is smaller and can penetrate the skin better. Chemically, this is definitely not true, as the two forms are almost the same, both are polymers and the subunits can be repeated in both forms as much as you like. (We also checked Prospector for sodium hyaluronate versions actually used in cosmetic products and found that the most common molecular weight was 1.5-1.8 million Da that absolutely counts as high molecular weight).""";
"55,Squalene,goodie,""skin-identical ingredient, antioxidant, emollient"",""Squalene is an oily liquid that originally comes from shark liver but luckily it can also be found in a couple of plant oils. Olive (0.6%), peanut (0.1%) and pumpkin (0.35%) oils contain it, though not in huge amounts. What contains more of it, is the sebum (the oily stuff) that our skin produces. About 13% of human sebum is squalene, which means that it’s an important skin-identical ingredient and NMF (natural moisturizing factor). Chemically speaking, it is an unsaturated (has double bonds) hydrocarbon (contains only carbon and hydrogen) molecule, that can undergo oxidation. On the pro side, this means that squalene can act as an antioxidant (while its no-double-bond version sister, squalane cannot), but on the con side, squalene is less stable and has a shorter shelf life.""";;
"56,Glycyrrhiza Glabra Root Extract,superstar,""soothing, skin brightening"",""You might know licorice as a sweet treat from your childhood, but it's actually a legume that grows around the Mediterranean Sea, the Middle East, central and southern Russia. It's sweet and yellow and not only used for licorice all sorts but it's also a skincare superstar thanks to two magic properties: Nr. 1 magic property is that it has skin-lightening or to say it another way depigmenting properties. The most active part is called glabridin. The topical application (meaning when you put it on your face) of 0.5% glabridin was shown to inhibit UVB caused pigmentation of guinea pigs. Another study even suggested that licorice is more effective than the gold standard skin-lightening agent hydroquinone. All in all, licorice is considered to be one of the safest skin lightening agents with the fewest side effects. There is just one catch regarding glabridin and licorice: the amount of glabridin in commercial licorice extracts can vary a lot. We have seen extracts with only 4% glabridin as well as 40% glabridin. The latter one is a very-very expensive ingredient, so if you are after the depigmenting properties try to choose a product that boasts its high-quality licorice extract.""";;
"57,Acetyl Hexapeptide-8,goodie,""cell-communicating ingredient, moisturizer/humectant"",""If you see a cosmetic product that claims that it has """"Botox-like effect"""" then two things are almost certain: one, the product overpromises and two, it contains Argireline. So this one is the famous peptide that's marketed by its manufacturer as the """"Botox in a jar"""". The basis for this claim is that it targets the same wrinkle forming mechanism (wrinkles caused by facial muscle movement) as Botox, but the way it works is very different. In addition, the extent to which it can prevent muscles from contracting (and to smooth wrinkles) is very different (otherwise why would anyone use still Botox?). The manufacturer did several studies to prove that Argireline really works and it does (just not as well as Botox). In-vivo (made on real people) tests showed that using 10% Argireline solution around the eyes for 15 days decreased wrinkles depth by 17%, while a 5% Argireline formula applied for 28 days did almost the same with a decrease in wrinkle depth by 16.26%. A Spanish University also did some research and found that Argireline increased the level of skin moisturization and decreased both the depth and width of wrinkles """"significantly"""".""";;
"58,Camellia Sinensis Leaf Extract,superstar,""antioxidant, soothing"",""We will tell you straight away that we are big green tea fans. Drinking it and slathering it all over your face are both great ideas. But as this is INCIDecoder and not a find-out-what’s-healthy-to-drink site we will now just focus on why you should put it on your face. Our first reason is that green tea does not only sound good but it’s super well researched. According to one of our fav dermatologist, dr. Leslie Baumann it’s one of the most studied antioxidants. A 2015 research summary paper on green tea stated that there are about 6000 research papers on the topic currently in PubMed (the US National Library of Medicine research database). Before we dive into what the magic powers of green tea are it’s good to know that the most useful components of the tea are called polyphenols, and even more precisely catechins. There are four major types: the most abundant and active one, the real superstar is called EGCG (EpiGalloCatechin Gallate). Also significant ones are ECG (EpiCatechin Gallate), GCG (GalloCatechin Gallate) and EGC (EpiGallo Catechin), but there are also a few more types in green tea.""";;
"59,Hydroxypinacolone Retinoate,superstar,cell-communicating ingredient,""Hydroxypinacolone Retinoate (HPR) is the newest member of the """"royal family of skincare"""" (see who is who on this cool retinoids family tree), the retinoid family. The queen of the family is the FDA-approved anti-aging superstar, retinoic acid, aka tretinoin and HPR seems to be a gentle but influential sister princess to the queen. Good to know: the trade name of HPR is Granactive Retinoid. The manufacturer produces it as 10% active and 90% solvent called dimethyl isosorbide. When a product claims 2% Granactive Retinoid, it means 0.2% Hydroxypinacolone Retinoate (and 1.8% dimethyl isosorbide) on the ingredient list. It's a so-called retinoic acid ester, meaning that it's directly related to retinoic acid. If you've already read our description about retinol or retinyl palmitate, you know that the active ingredient our skin cells can interpret is retinoic acid. Other forms of retinoids have to be converted by our metabolic machinery to do something. That's not the case with HPR. It binds directly to the retinoid receptors of the skin cells to work its skincare magic.""";;
"60,Palmitoyl Tripeptide-1,goodie,cell-communicating ingredient,""A really famous peptide that is part of Matrixyl 3000, the most sold peptide complex in the word. Before we go and find out what the big deal with Matrixyl 3000 is, let's just focus on Palmitoyl Tripeptide-1 itself for a bit. It's a small three amino acid (they are the building blocks of all proteins) peptide with the amino sequence of glycine-histidine-lysine, or GHK. GHK is attached to palmitic acid (a fatty acid) to increase oil solubility and skin penetration. The GHK part is the important one as it's a type I collagen fragment. When collagen naturally breaks down in the skin, the resulting peptide fragments signal to the skin that it should get to work and create some nice, new collagen. Adding in collagen fragment peptides, like GHK, might trick the skin into thinking that collagen has broken down and it's time to create some more.""";;
