id,product_name,brand,category,product_url,ingredient_raw
1,The derma CO 4%ceramide Barrier Repair Moisturizer,The derma CO,"#fragrance & essentialoil-free, #paraben-free, #sulfate-free",https://www.skincarisma.com/products/the-derma-co-4-ceramide-barrier-repair-moisturizer,"Water, Ceramide 1, Ceramide 2, Ceramide 3, Ceramide 4, Ceramide AP, Caprylic/Capric Triglyceride, Niacinamide, Xylitol, Glucose, Anhydroxylitol, Phoenix Dactylifera Seed Extract, Sodium Acrylates Copolymer, Lecithin, Propylene Glycol, Polyglycerin-3, Glyceryl Stearate, Xylitylglucoside, Dimethicone, Phenoxyethanol, Ethylhexylglycerin, Shea Butter Glycerides, Cetearyl Olivate, Sorbitan Olivate, Sodium Benzoate, Stearic Acid, Acrylates/C10-30 Alkyl Acrylate Crosspolymer, Disodium EDTA, Sodium Hydroxide, Hyaluronic Acid, Glycerin, Ligustrum Lucidum Seed Extract, Fucus Vesiculosus Extract, Butylene Glycol, 1,2-Hexanediol, Tocopheryl Acetate."
2,Face Reality Barrier Care Gel Cream,Face Reality,"#fragrance & essentialoil-free, #paraben-free, #sulfate-free",https://www.skincarisma.com/products/face-reality-barrier-care-gel-cream,"Water (Aqua), Squalane, Glycerin, Dicaprylyl Ether, Hydrolyzed Jojoba Esters, Glyceryl Stearate, Dicaprylyl Carbonate, Hydroxyethyl Acrylate/Sodium Acryloyldimethyl Taurate Copolymer, Ceramide NP, Ceramide NG, Ceramide AP, Punica Granatum Sterols, Euterpe Oleracea Sterols, Linoleic Acid, Linolenic Acid, Serine, Alanine, Glycine, Lysine Hcl, Threonine, Arginine, Proline, Betaine, Glutamic Acid, Sodium PCA, Sodium Lactate, Pca, Sodium Hyaluronate, Sodium Acetylated Hyaluronate, Sodium Hyaluronate Crosspolymer, Hydrolyzed Sodium Hyaluronate, Asiaticoside, Madecassic Acid, Centella Asiatica Extract, Asiatic Acid, Bisabolol, Allantoin, Panthenol, Jojoba Esters, Sodium Stearoyl Glutamate, Oleic Acid, Maltodextrin, Cetyl Alcohol, Beta-Glucan, Inulin, Sodium Phytate, Tocopheryl Acetate, Xanthan Gum, Polysorbate 60, Dimethicone, Polyacrylate Crosspolymer-6, Phenoxyethanol, Hydrolyzed Gardenia Florida Extract, Propanediol, Caprylyl Glycol, Ethylhexylglycerin, Hexylene Glycol, Citric Acid, Pentylene Glycol."
3,Palmer's Coconut Oil Formula Coconut Water Facial Moisturizer,Palmer's,"#paraben-free, #sulfate-free, #silicone-free",https://www.skincarisma.com/products/palmer-s-coconut-oil-formula-coconut-water-facial-moisturizer,"Water (Aqua), Cocos Nucifera (Coconut) Fruit Extract, Cocos Nucifera (Coconut) Oil, Lauryl Olivate, Sorbitan Olivate, Glycerin, Cocos Nucifera (Coconut) Water, Sodium Hyaluronate, Tocopherol, Lactobacillus/Papaya Fruit Ferment Extract, Gardenia Tahitensis Flower Extract, Oenothera Biennis (Evening Primrose) Flower Extract, Macadamia Ternifolia Seed Oil, Simmondsia Chinensis (Jojoba) Seed Oil, Prunus Amygdalus Dulcis (Sweet Almond) Oil, Persea Gratissima (Avocado) Oil, Tocopheryl Acetate, Leuconostoc/Radish Root Ferment Filtrate, Ethylhexylglycerin, Tetrasodium EDTA, Sodium Hydroxide, Acrylates/C10-30 Alkyl Acrylate Crosspolymer, Sodium Metabisulfite, Sodium Sulfite, Fragrance (Parfum), Propylene Glycol, Phenoxyethanol, Coumarin."
4,Viva Cosmetics Glowing White Moisturizer Gel,Viva Cosmetics,"#fragrance & essentialoil-free, #paraben-free, #sulfate-free, #silicone-free",https://www.skincarisma.com/products/viva-cosmetics-glowing-white-moisturizer-gel,"Aqua, Niacinamide, Erythritol, Propylene Glycol, Glycyrrhiza Glabra Root Extract, Panthenol, Pentylene Glycol, Glutathione, Propanediol, Glycerin, Phenoxyethanol, Acrylates/C10-30 Alkyl Acrylate Crosspolymer, Carbomer, Disodium EDTA, Sodium Hydroxide, Ethylhexylglycerin, Triethylene Glycol, Potassium Sorbate, Sodium Benzoate."
5,Ourdaylee Cloud Balancing Moisturizer,Ourdaylee,"#fragrance & essentialoil-free, #paraben-free, #sulfate-free, #silicone-free",https://www.skincarisma.com/products/ourdaylee-cloud-balancing-moisturizer,"Aqua Demineralisata, Propylene Glycol, Carbomer, Phenoxyethanol, Saccharide Isomerate, Glycerin, Myrothamnus Flabellifolia Leaf/Stem Extract, Caprylic/Capric Triglyceride, Triethanolamine, Sodium Hyaluronate, Chlorphenesin, Cetyl-PG Hydroxyethyl Palmitamide, Hydrogenated Lecithin, Cholesterol, Ceramide NP, Palmitoyl Tripeptide-5, Ci 42090, Ci 14720."
6,Ceramella Sunscreen SPF 50 Pa++++,The Originote,#fragrance & essentialoil-free,https://www.skincarisma.com/products/ceramella-sunscreen-spf-50-pa,"Water, Ethylhexyl Methoxycinnamate, Octocrylene, Ethylhexyl Salicylate, Isododecane, Silica, Glycerin, Propylene Glycol, Pentylene Glycol, Bis-Ethylhexyloxyphenol Methoxyphenyl Triazine, Cetyl Alcohol, Phenoxyethanol, Polymethylsilsesquioxane, Niacinamide, Polysorbate 80, Panthenol, Tremella Fuciformis Polysaccharide, Ethylhexylglycerin, Disodium EDTA, Zinc Oxide, Sodium Hyaluronate, Butylene Glycol, 3-O-Ethyl Ascorbic Acid, Caprylic/Capric Triglyceride, Avena Sativa (Oat) Extract, Artemisia Argyi Leaf Extract, Hydrogenated Lecithin, Behenyl Alcohol, Octyldodecanol, Hydroxyacetophenone, Ceramide NP, Ceramide AP, Ceramide NS, Ceramide NG, Hyaluronic Acid, Retinol"
7,Brightening C-Glow Serum,Azarine,#fragrance & essentialoil-free,https://www.skincarisma.com/products/brightening-c-glow-serum,"Water (Aqua), Glycerin, Centella Asiatica Extract, Terminalia Ferdinandiana Fruit Extract, Tranexamic Acid, Tocopheryl Acetate, Allantoin, Resveratrol, Ferulic Acid, Chlorphenesin, Xanthan Gum, Phenoxyethanol, Ascorbic Acid, Citric Acid, Rumex Occidentalis Extract, Sodium Ascorbyl Phosphate, Propanediol."
8,UV Shield Acne Calming Sunscreen Moisturizer SPF 35 PA+++,Wardah,#fragrance & essentialoil-free,https://www.skincarisma.com/products/uv-shield-acne-calming-sunscreen-moisturizer-spf-35-pa,"Aqua, Ethylhexyl Methoxycinnamate, Niacinamide, Butyl Methoxydibenzoylmethane, Aluminum Starch Octenylsuccinate, Phenoxyethanol, Cetearyl Olivate, Propanediol, Butylene Glycol, Octocrylene, Acrylates/C10-30 Alkyl Acrylate Crosspolymer, Sorbitan Olivate, Polymethyl Methacrylate, Aminomethyl Propanol, Allantoin, Salicylic Acid, Xanthan Gum, Triethylene Glycol, Ethylhexyl Triazone, Tetrasodium EDTA, Lecithin, Panthenol, BHT"
9,UV Shield Airy Smooth Sunscreen Serum,Wardah,"#paraben-free, #sulfate-free, #alcohol-free",https://www.skincarisma.com/products/uv-shield-airy-smooth-sunscreen-serum,"Water, Ethylhexyl Methoxycinnamate, Octocrylene, Butyl Methoxydibenzoylmethane, Polymethyl Methacrylate, Dimethicone, Ethylhexyl Triazone, Ammonium Acryloyldimethyltaurate/Vp Copolymer, Phenoxyethanol, Arachidyl Alcohol, Dipropylene Glycol, Butylene Glycol, Behenyl Alcohol, Chlorphenesin, Allantoin, Glycerin, Arachidyl Glucoside, Parfum, Kaolin, Xanthan Gum, Propanediol, Disodium EDTA, Lecithin, BHT, Trideceth-9, Centella Asiatica Extract, Vitis Vinifera Leaf Extract, PEG-40 Hydrogenated Castor Oil, Haberlea Rhodopensis Leaf Extract, Artemisia Capillaris Flower Extract, Ethylhexylglycerin, Polysorbate 20, CI 42090, CI 19140."
10,Power Serum Post Acne Serum,Hanasui,#fragrance & essentialoil-free,https://www.skincarisma.com/products/power-serum-post-acne-serum,"Water, Niacinamide, Butylene Glycol, Hydroxyethyl Urea, Potassium Azeloyl Diglycinate, Betaine, Methyl Gluceth-20, Ethoxydiglycol, Phenoxyethanol, Biosaccharide Gum-1, Glycerin, Salicylic Acid, Harungana Madagascariensis Extract, Allantoin, Dehydroxanthan Gum, Ethylhexylglycerin, Disodium EDTA, Prunus Serrulata Flower Extract, Tocopheryl Acetate, Sodium Hyaluronate"
11,5% Niacinamide + Moisture Sabi Beet Serum,Somethinc,#fragrance & essentialoil-free,https://www.skincarisma.com/products/5-niacinamide-moisture-sabi-beet-serum,"Centella Asiatica Water (72.5%), Niacinamide (5%), Methylpropanediol, Betaine, Water, Glycerin, Polysorbate 20, Ammonium Acryloyldimethyltaurate/VP Copolymer, Polyglyceryl-10 Laurate, Tetrahydrocurcumin, Butylene Glycol, Xanthan Gum, Ethylhexylglycerin, Adenosine, Anthemis Nobilis Flower Extract, Beta Vulgaris (Beet) Root Extract, Allantoin, Caffeine, Tocopherol (Vitamin E), 1,2-Hexanediol"
12,Niacinamide Salicylic Acid Balancing Gel-cream Moisturizer,Cosmoderm,#paraben-free,https://www.skincarisma.com/products/niacinamide-salicylic-acid-balancing-gel-cream-moisturizer,"Aqua, Niacinamide, Propylene Glycol, Aluminum Starch Octenylsuccinate, Cyclopentasiloxane, Dimethicone, Panthenol, Hydroxyethyl Acrylate/Sodium Acryloyldimethyl Taurate Copolymer, Glycerin, Isononyl Isononanoate, PEG-40 Hydrogenated Castor Oil, Salicylic Acid, Mentha Piperita (Peppermint) Oil, Disodium EDTA, Fragrance, Phenoxyethanol, Benzyl Alcohol, Ethylhexylglycerin"
13,Somethinc PDRN + Exosome + Peptide,Somethinc,"#fragrance & essentialoil-free, #paraben-free, #sulfate-free, #silicone-free",https://www.skincarisma.com/products/somethinc-pdrn-exosome-peptide,"Aqua, C12-15 Alkyl Benzoate, Caprylic/Capric Triglyceride, Dicaprylyl Carbonate, Glycerin, Cetearyl Olivate, Propanediol, Sodium Dna, Lycium Barbarum Callus Culture Extract, Hydrolyzed Sodium Hyaluronate, Tripeptide-1, Hexapeptide-9, Laminaria Hyperborea Extract, Lecithin, Sorbitan Olivate, Phenoxyethanol, Styrene/Acrylates Copolymer, Panthenol, Hydroxyethyl Urea, Isomalt, Pentylene Glycol, Xanthan Gum, Disodium EDTA, Cellulose Gum, Ethylhexylglycerin, Levulinic Acid, Aminomethyl Propanol, 1,2-Hexanediol, Citric Acid, Diethylamine, 2-Methylpropanol, Sorbic Acid, Sodium Phytate."
14,Low pH Gentle Jelly Cleanser,Somethinc,#fragrance & essentialoil-free,https://www.skincarisma.com/products/low-ph-gentle-jelly-cleanser,"Water, Potassium Laureth Phosphate, Glycerin, Potassium Cocoyl Glutamate, Acrylates/C10-30 Alkyl Acrylate Crosspolymer, Butylene Glycol, Centella Asiatica Leaf Water, Caprylic/Capric Triglyceride, Aspartic Acid, Caprylyl Glycol, Sodium Cocoyl Glutamate, 1,2-Hexanediol, Lauryl Hydroxysultaine, Coco-Glucoside, Polyglyceryl-10 Laurate, Polyglyceryl-10 Myristate, Glyceryl Caprylate, Melaleuca Alternifolia (Tea Tree) Leaf Oil, Sodium Cocoyl Isethionate, Disodium EDTA, Calendula Officinalis Flower Extract, Mentha Piperita (Peppermint) Oil, Quillaja Saponaria Bark Extract, Artemisia Capillaris Extract."
15,Retinol B3 Serum,The Originote,#fragrance & essentialoil-free,https://www.skincarisma.com/products/retinol-b3-serum-1,"Water, Glycerin, Butylene Glycol, Niacinamide, Glycereth-26, 1,2-Hexanediol, Hydroxyacetophenone, PEG/PPG-17/6 Copolymer, VP/VA Copolymer, Methylpropanediol, Acrylates/C10-30 Alkyl Acrylate Crosspolymer, Arginine, Glyceryl Glucoside, Nymphaea Caerulea Flower Water, Ammonium Acryloyldimethyltaurate/VP Copolymer, Glycyrrhiza Uralensis (Licorice) Root Extract, Portulaca Oleracea Flower/Leaf/Stem Extract, Paeonia Suffruticosa Root Bark Extract, Paeonia Lactiflora Extract, Camellia Sinensis Extract, Stephania Tetrandra Extract, Caprylic/Capric Triglyceride, BHT, Sodium Hyaluronate, Panthenol, Soluble Collagen, Phospholipids, Ergothioneine, Retinol, Retinal, Hydroxypinacolone Retinoate, Propanediol, Phenoxyethanol, Potassium Sorbate, Sodium Benzoate, Mannitol, Propylene Glycol, Ubiquinone, Centella Asiatica Extract, Artemisia Argyi Leaf Extract, Hydrolyzed Collagen, Ethylhexylglycerin, Caprylhydroxamic Acid, Hydrogenated Lecithin, Pentylene Glycol, Hexylene Glycol, Stearic Acid, Cholesterol, Hexapeptide-9, Sh-Oligopeptide-1, Tocopherol, Ceramide NP"
16,Somethinc Calm Down Soothing Toner,Somethinc,"#fragrance & essentialoil-free, #paraben-free, #sulfate-free, #silicone-free",https://www.skincarisma.com/products/somethinc-calm-down-soothing-toner,"Aqua, Gluconolactone, Annona Cherimola Fruit Extract, Butylene Glycol, Phenoxyethanol, Polyglyceryl-4 Caprate, Triethanolamine, Disodium EDTA, Ethylhexylglycerin, Sodium Citrate, Pentylene Glycol, Phenylpropanol, Sodium Dehydroacetate, Madecassoside, Methyl Diisopropyl Propionamide, Citric Acid."
17,AHA BHA PHA Peeling Solution,Somethinc,#fragrance & essentialoil-free,https://www.skincarisma.com/products/aha-bha-pha-peeling-solution,"Triethanolamine, Glycerin, Lactobionic Acid, Niacinamide, Citric Acid, Glycolic Acid, Lactic Acid, Panthenol, Salicylic Acid, Polyglyceryl-4 Caprate, Amylopectin, Dextrin, Hydroxyethylcellulose, Phenoxyethanol, Xanthan Gum, CI 16255, Disodium EDTA, CI 19140, CI 17200, Water"
18,Somethinc SKINGLOW® Bright Radiance Moisturizer,Somethinc,"#fragrance & essentialoil-free, #alcohol-free, #paraben-free, #sulfate-free, #silicone-free",https://www.skincarisma.com/products/somethinc-skinglow-bright-radiance-moisturizer,"Oryza Sativa (Rice) Bran Water, Water, Glycerin, Methyl Gluceth-20, 1,2-Hexanediol, Propanediol, Cetyl Ethylhexanoate, Pentylene Glycol, Xylitylglucoside, Epigallocatechin Gallatyl Glucoside, Adenosine, Bisabolol, Ascorbyl Glucoside, Anhydroxylitol, Xylitol, Tremella Fuciformis (Mushroom) Extract, Cyanocobalamin, Glycyrrhiza Uralensis (Licorice) Root Extract, Panthenol, Theobroma Cacao (Cocoa) Extract, Solanum Lycopersicum (Tomato) Fruit Extract, Yeast Extract, Magnesium Chloride, Calcium Gluconate, Pyridoxine Hcl, Hydrogenated Lecithin, Hydroxyethyl Acrylate/Sodium Acryloyldimethyl Taurate Copolymer, Glyceryl Acrylate/Acrylic Acid Copolymer, Hydroxyacetophenone, Acrylates/C10-30 Alkyl Acrylate Crosspolymer, Tromethamine, Xanthan Gum, Tocopheryl Acetate, Sodium Dilauramidoglutamide Lysine, Ethylhexylglycerin, Butylene Glycol, Sodium Phytate, Ethyl Hexanediol, Dextrin."
19,Supple Power Hyaluronic9+Onsen Moisture Bomb,Somethinc,#fragrance & essentialoil-free,https://www.skincarisma.com/products/supple-power-hyaluronic9-onsen-moisture-bomb-1,"Onsen-Sui, Water, Glycerin, Propanediol, 1,2-Hexanediol, Caprylic/Capric Triglyceride, Pentylene Glycol, Glyceryl Acrylate/Acrylic Acid Copolymer, Panthenol, Chondrus Crispus Extract, Acrylates/C10-30 Alkyl Acrylate Crosspolymer, Sodium Lauroyl Lactylate, Hydroxyethyl Acrylate/Sodium Acryloyldimethyl Taurate Copolymer, Saccharum Officinarum (Sugarcane) Extract, Tromethamine, Caprylyl Glycol, Sodium Hyaluronate, Adenosine, Allantoin, Ethylhexylglycerin, Hyaluronic Acid, Ceramide NP, Plumeria Alba Flower Oil, Sodium Phytate, Ceramide AP, Phytosphingosine, Cholesterol, Xanthan Gum, Hydrolyzed Hyaluronic Acid, Carbomer, Hydroxypropyltrimonium Hyaluronate, Hydrolyzed Sodium Hyaluronate, Sodium Acetylated Hyaluronate, PEG-9 Diglycidyl Ether/Sodium Hyaluronate, Potassium Hyaluronate, Ceramide EOP, Tocopherol, Dimethylsilanol Hyaluronate, Sodium Benzoate"
20,Bright Booster UV Barrier Sunscreen SPF 50,OMG Beauty,"#paraben-free, #sulfate-free, #alcohol-free, #silicone-free",https://www.skincarisma.com/products/bright-booster-uv-barrier-sunscreen-spf-50,"Water, Ethylhexyl Methoxycinnamate, Butyl Methoxydibenzoylmethane, Polymethyl Methacrylate, Propanediol, C14-22 Alcohols, Butylene Glycol, Octocrylene, Phenoxyethanol, Propylene Glycol, Niacinamide, Nylon-12, C12-20 Alkyl Glucoside, Glycyrrhiza Glabra Root Extract, Acrylates/C10-30 Alkyl Acrylate Crosspolymer, Allantoin, Bis-Ethylhexyloxyphenol Methoxyphenyl Triazine, Chlorphenesin, Glycerin, Potassium Hydroxide, Lecithin, Tocopheryl Acetate, Parfum, Dimethicone, Dimethicone/Vinyl Dimethicone Crosspolymer, Glycereth-20, Pentylene Glycol, Amodimethicone, Carbomer, Disodium EDTA, Sodium Hydroxide, Glucose, Prunus Persica Fruit Extract, BHT, Sodium Ascorbyl Phosphate"
21,Acne Treatment Gentle Cleanser,Hanasui,#paraben-free,https://www.skincarisma.com/products/acne-treatment-gentle-cleanser,"Aqua, Glycerin, Sodium Cocoyl Glycinate, Lauramidopropyl Betaine, Disodium Cocoyl Glutamate, Betaine, Hydroxypropyl Starch Phosphate, Niacinamide, Citric Acid, Phenoxyethanol, Salicylic Acid, Allantoin, Parfum, Disodium EDTA, Triethylene Glycol, Melaleuca Alternifolia Leaf Oil, CI 42090, CI 19140"
22,Soy Bright! Moisturizer,Finally Found You!,"#alcohol-free, #paraben-free, #sulfate-free, #fragrance & essentialoil-free",https://www.skincarisma.com/products/soy-bright-moisturizer,"Water (Aqua), Glycerin, Dimethicone, Propylene Glycol, Butylene Glycol, Cetearyl Alcohol, Cetyl Alcohol, Lactobacillus/Collagen/Mesembryanthemum Crystallinum Leaf Extract Ferment Lysate, Hydrolyzed Collagen, Oryza Sativa Germ Extract, Aloe Barbadensis Leaf Extract, Squalane, Allantoin, Tocopheryl Acetate, BHT, Polyglutamic Acid, Glycine Soja (Soybean) Seed Extract, Terminalia Ferdinandiana Fruit Extract, Sodium Hyaluronate, Hydrolyzed Hyaluronic Acid, Hydroxypropyltrimonium Hyaluronate, Sodium Acetylated Hyaluronate, 1,2-Hexanediol, Ethylhexylglycerin, Ceramide NP, Phenoxyethanol, Tromethamine, PEG-7 Glyceryl Cocoate, Acrylates/C10-30 Alkyl Acrylate Crosspolymer, Disodium EDTA, Sodium Lauroyl Lactylate, Cholesterol, Ceramide AP, Phytosphingosine, Ceramide EOP, Xanthan Gum, Carbomer, Potassium Sorbate, Sodium Benzoate, Citric Acid, Cyclohexane, Acrylic Acid."
23,Somethinc Diamond Phyto Stem Cell Serum,Somethinc,"#fragrance & essentialoil-free, #paraben-free, #sulfate-free, #silicone-free",https://www.skincarisma.com/products/somethinc-diamond-phyto-stem-cell-serum,"Aqua, Ammonium Polyacryloyldimethyl Taurate, Butylene Glycol, Hydrogenated Lecithin, Potassium Methoxysalicylate, Phenoxyethanol, Dipentaerythrityl Hexa C5-9 Acid Esters, Neopentyl Glycol Diheptanoate, Polymethylsilsesquioxane, Polyglyceryl-4 Caprate, Flavor, Benzotriazolyl Dodecyl P-Cresol, BHT, Disodium EDTA, Ethylhexylglycerin, Malus Domestica Fruit Cell Culture Extract, Guaiazulene, Xanthan Gum, Glycerin, Caprylyl Glycol, Lecithin, Diamond Powder, Glyceryl Caprylate, Phenylpropanol, Polyvinyl Alcohol."
24,Kind Extra Hydrating Toner,Skin Game,#fragrance & essentialoil-free,https://www.skincarisma.com/products/kind-extra-hydrating-toner,"Aqua, Trehalose, Panthenol, Propanediol, Glycerin, DMDM Hydantoin, Disodium EDTA"
25,Acne Serum With Triple Clarifying Active,Viva Cosmetics,"#paraben-free, #sulfate-free, #silicone-free, #alcohol-free, #fragrance & essentialoil-free",https://www.skincarisma.com/products/acne-serum-with-triple-clarifying-active,"Water (Aqua), Niacinamide, Betaine, Sodium Citrate, Propylene Glycol, Propanediol, Centella Asiatica Extract, Butylene Glycol, Salicylic Acid, Phenoxyethanol, Polyacrylate Crosspolymer-6, Glycerin, Xanthan Gum, Ethylhexylglycerin, Triethylene Glycol, Citric Acid, Potassium Sorbate, Sodium Benzoate."
26,All Rounder Gel Cream Moisturizer,HALE,"#fragrance & essentialoil-free, #alcohol-free, #paraben-free, #sulfate-free",https://www.skincarisma.com/products/all-rounder-gel-cream-moisturizer,"Water, Glycerin, Niacinamide, Propanediol, 1,2-Hexanediol, Pentylene Glycol, Cyclopentasiloxane, Glyceryl Acrylate/Acrylic Acid Copolymer, Cyclohexasiloxane, Acrylates/C10-30 Alkyl Acrylate Crosspolymer, Hydroxyethyl Acrylate/Sodium Acryloyldimethyl Taurate Copolymer, Tromethamine, Adenosine, Allantoin, Ethylhexylglycerin, Sodium Phytate, Ubiquinone, Tocopheryl Acetate, Tocopherol, Centella Asiatica Extract, Resveratrol, Butylene Glycol, Dextrin, Theobroma Cacao Seed Extract, Glycyrrhiza Glabra Root Extract, Camellia Sinensis Leaf Extract, Punica Granatum Fruit Extract, Mentha Rotundifolia Leaf Extract, Thymus Vulgaris Leaf Extract"
27,Your Skin Bae Vitamin C 3% + Niacinamide 2% + Mandarin Orange Fruit Extract Serum,Avoskin,#fragrance & essentialoil-free,https://www.skincarisma.com/products/your-skin-bae-vitamin-c-3-niacinamide-2-mandarin-orange-fruit-extract-serum,"Water, Propylene Glycol, 3-O-Ethyl Ascorbic Acid, Glycerin, Niacinamide, Xanthan Gum, Phenoxyethanol, Chlorphenesin, Citrus Nobilis Fruit Extract, Tetrasodium EDTA, Sodium Bisulfite, Biosaccharide Gum-1, Sodium Hydroxide"
28,Calm Down! Skinpair Bubble Cleanser,Somethinc,#paraben-free,https://www.skincarisma.com/products/calm-down-skinpair-bubble-cleanser,"Aqua, Cocamidopropyl Betaine, Potassium Cocoyl Glycinate, Glycerin, Sodium Cocoamphoacetate, Polyglyceryl-4 Caprate, Panthenol, Propylene Glycol, Phenoxyethanol, Flavour, Xylitylglucoside, Aloe Barbadensis Leaf Extract, Artemisia Vulgaris (Mugwort) Extract, Houttuynia Cordata (Leaf) Extract, PEG-150 Distearate, Anhydroxylitol, Xylitol, Ethylhexylglycerin, Benzotriazolyl Dodecyl P-Cresol, Citric Acid, Glucose, Glyceryl Acrylate/Acrylic Acid Copolymer, Pvm/Ma Copolymer, Maris Aqua (Sea Water), Sodium Benzoate, Potassium Sorbate, Propanediol, Emiliania Huxleyi Extract"
29,Somethinc Gentle Bright Niacinamide + Alpha Arbutin Serum,Somethinc,"#fragrance & essentialoil-free, #alcohol-free, #paraben-free, #sulfate-free, #silicone-free",https://www.skincarisma.com/products/somethinc-gentle-bright-niacinamide-alpha-arbutin-serum,"Water, Methylpropanediol, Dipropylene Glycol, Propanediol, Alpha-Arbutin, Butylene Glycol, 1,2-Hexanediol, Niacinamide, Pentylene Glycol, Sodium Palmitoyl Proline, Arisaema Amurense Extract, PPG-13-Decyltetradeceth-24, Hydroxyacetophenone, Hydroxyethyl Acrylate/Sodium Acryloyldimethyl Taurate Copolymer, Glyceryl Glucoside, Decyl Glucoside, Carbomer, Glycerin, Tromethamine, Allantoin, Ethylhexylglycerin, Dipotassium Glycyrrhizate, Sorbitan Isostearate, Polysorbate 60, Xanthan Gum, Sodium Phytate, Polyquaternium-51, Tremella Fuciformis (Mushroom) Extract, Nymphaea Alba Flower Extract, Ethyl Hexanediol, Resveratrol, Solanum Lycopersicum (Tomato) Fruit Extract, Ascorbyl Glucoside, Ci 19140, Magnesium Chloride, Ci 16255, Panthenol, Calcium Gluconate, Tocopherol, Pyridoxine Hcl, Yeast Extract, Cyanocobalamin."
30,Glow Maker Clarifying Treatment Toner,Somethinc,#fragrance & essentialoil-free,https://www.skincarisma.com/products/glow-maker-clarifying-treatment-toner,"Water, Butylene Glycol, Glycolic Acid, Arginine, 1,2-Hexanediol, Betaine, Allantoin, Lactobionic Acid, Anthemis Nobilis Flower Extract, Salicylic Acid, Caffeine"
31,Hyalucera Moisturizer,The Originote,#fragrance & essentialoil-free,https://www.skincarisma.com/products/hyalucera-moisturizer,"Water, Glycerin, Butylene Glycol, Glycereth-26, 1,2-Hexanediol, Hydroxyacetophenone, Acrylates/C10-30 Alkyl Acrylate Crosspolymer, Panthenol, Hydroxyethylpiperazine Ethane Sulfonic Acid, Diglycerin, Propylene Glycol, Triethanolamine, Methylpropanediol, Sodium Hyaluronate, Allantoin, Glucose, Sophora Angustifolia Root Extract, Stephania Tetrandra Extract, Hydrolyzed Hyaluronic Acid, Cnidium Monnieri Fruit Extract, Glycyrrhiza Uralensis (Licorice) Root Extract, Phellodendron Amurense Bark Extract, Phenoxyethanol, Caprylic/Capric Triglyceride, Chlorella Vulgaris Extract, Spirulina Platensis Extract, Hydrogenated Lecithin, Chlorphenesin, Hexylene Glycol, Stearic Acid, Cholesterol, Ceramide NP"
32,Hydramax-C Sunscreen Serum SPF50 PA++++,Azarine,#fragrance & essentialoil-free,https://www.skincarisma.com/products/hydramax-c-sunscreen-serum-spf50-pa,"Water, Ethylhexyl Methoxycinnamate, Butyl Methoxydibenzoylmethane, Glycerin, Propanediol, Polymethyl Methacrylate, Octocrylene, Butylene Glycol, Ectoin, Ascorbic Acid, Hydroxypropyltrimonium Hyaluronate, Hyaluronic Acid, Acrylates Crosspolymer, Allantoin, Phenoxyethanol, Sodium Acetylated Hyaluronate, Hydrolyzed Hyaluronic Acid, Tocopheryl Acetate, Chlorphenesin, Potassium Hyaluronate, Sodium Hyaluronate Crosspolymer, Hydrolyzed Sodium Hyaluronate, Caprylyl 2-Glyceryl Ascorbate, Xanthan Gum."
33,Hyalu-C Serum,The Originote,#fragrance & essentialoil-free,https://www.skincarisma.com/products/hyalu-c-serum,"Water, Glycerin, Butylene Glycol, Niacinamide, Glycereth-26, Jasminum Sambac (Jasmine) Flower Water, Hydrogenated Castor Oil, Bellis Perennis (Daisy) Extract, Hydroxyacetophenone, 1,2-Hexanediol, PEG/PPG-17/6 Copolymer, Methylpropanediol, Hydroxyethylcellulose, Allantoin, Glyceryl Glucoside, Gardenia Taitensis Flower Oil, Propylene Glycol, CI 19140, Sodium Hyaluronate, Stephania Tetrandra Extract, Caprylic/Capric Triglyceride, Anthemis Nobilis Flower Extract, Hyaluronic Acid, Ergothioneine, Hydrogenated Lecithin, Hexylene Glycol, Stearic Acid, Cholesterol, Phenoxyethanol, Mannitol, Ceramide NP, Helianthus Annuus (Sunflower) Seed Oil, Hydrolyzed Collagen, Hydroxypropyltrimonium Hyaluronate, Sodium Acetylated Hyaluronate, Centella Asiatica Extract, Propanediol, Oligopeptide-1, Hexapeptide-9, 3-O-Ethyl Ascorbic Acid, Ascorbic Acid, Magnesium Ascorbyl Phosphate, Hydrolyzed Hyaluronic Acid, Tagetes Erecta Flower Extract, EDTA, Artemisia Argyi Leaf Extract, Caprylhydroxamic Acid"
34,Intense Luminous Barrier Moisturizer,Azarine,#fragrance & essentialoil-free,https://www.skincarisma.com/products/intense-luminous-barrier-moisturizer,"Aqua, Glycerin, Squalane, Oryza Sativa Extract, Sodium Hyaluronate, Ceramide 3, Panthenol, Chlorphenesin, Polyacrylate Crosspolymer-6, Polyglyceryl-10 Oleate, Phytol, Isomalt, Caprylic/Capric Triglyceride, Polyglyceryl-6 Oleate, Cetyl Palmitate, Sorbitan Palmitate, Sorbitan Stearate, Polysorbate 80, Hydroxyresveratrol, Hydrogenated Lecithin, Palmitoyl Tetrapeptide-10"
35,Somethinc Acnedot Treatment Toner,Somethinc,"#fragrance & essentialoil-free, #paraben-free, #sulfate-free, #silicone-free",https://www.skincarisma.com/products/somethinc-acnedot-treatment-toner,"Camellia Sinensis Leaf Water, Butylene Glycol, Polyglyceryl-4 Caprate, Aqua, Succinic Acid, Triethanolamine, Phenoxyethanol, 1,2-Hexanediol, Glycerine, Ethylhexylglycerin, Hippophae Rhamnoides (Sea Buckthorn) Fruit Extract, Hydrolyzed Algin, Bacillus/Folic Acid Ferment Filtrate Extract, Pentylene Glycol, Methyl Diisopropyl Propionamide, Sodium Hyaluronate, Zinc Sulfate."
36,Miraculous Retinol Ampoule,Avoskin,#fragrance & essentialoil-free,https://www.skincarisma.com/products/miraculous-retinol-ampoule,"Water, Propylene Glycol, Glycerin, Phenoxyethanol, Carbomer, PEG-40 Hydrogenated Castor Oil, Caprylic/Capric Triglyceride, Camellia Sinensis Leaf Extract, Methyl Methacrylate Crosspolymer, Polyglutamic Acid, Tetrasodium EDTA, Retinol, Hydrogenated Lecithin, Ethylhexylglycerin, Cholesterol, Biosaccharide Gum-1, Tocopheryl Acetate, Rubus Idaeus Fruit Extract, BHT, Punica Granatum Extract, Butylene Glycol, Phaseolus Radiatus Seed Extract, BHA, Avena Sativa Meal Extract, Palmitoyl Hexapeptide-12."
37,Gluta-Bright B3 Serum,The Originote,#fragrance & essentialoil-free,https://www.skincarisma.com/products/gluta-bright-b3-serum,"Water, Butylene Glycol, Glycerin, Niacinamide, Hydroxyethylpiperazine Ethane Sulfonic Acid, Tranexamic Acid, 1,2-Hexanediol, Hydroxyacetophenone, Hydroxyethylcellulose, Allantoin, Centella Asiatica Extract, Sodium Hyaluronate, Beta-Glucan, Polygonum Cuspidatum Root Extract, Scutellaria Baicalensis Root Extract, Propylene Glycol, Camellia Sinensis Leaf Extract, Glycyrrhiza Glabra Root Extract, Glutathione, Salix Alba Bark Extract, Chamomilla Recutita Flower Extract, Rosmarinus Officinalis Leaf Extract, Caprylic/Capric Triglyceride, Hydrogenated Lecithin, Hexylene Glycol, Stearic Acid, Cholesterol, Ceramide NP, Phenoxyethanol, Citrus Reticulata Peel Extract, Chlorphenesin."
38,Your Skin Bae Panthenol 5% + Mugwort + Cica Barrier Hero Serum,Avoskin,#fragrance & essentialoil-free,https://www.skincarisma.com/products/your-skin-bae-panthenol-5-mugwort-cica-barrier-hero-serum,"Aqua, Panthenol, Glycerin, Butylene Glycol, Centella Asiatica Extract, Hydroxyethylcellulose, Phenoxyethanol, Polyglutamic Acid, Chlorphenesin, Allantoin, Disodium EDTA, Sodium Bisulfite, Biosaccharide Gum-1, Artemisia Princeps Leaf Extract, 1,2-Hexanediol."
39,Niacinamide 5% + Moisture Sepiwhite Serum,Azarine,#fragrance & essentialoil-free,https://www.skincarisma.com/products/niacinamide-5-moisture-sepiwhite-serum,"Aqua, Niacinamide, Glycerin*, Centella Asiatica Extract*, Sodium Hyaluronate*, Propanediol*, Undecylenoyl Phenylalanine, Allantoin*, Royal Jelly*, Carica Papaya Fruit Extract*, Gluconobacter/Honey Ferment Filtrate*, Polyquaternium-7, Chlorphenesin, Panthenol, Acetyl Glucosamine, Xanthan Gum*, Phenoxyethanol."
40,Somethinc Glass-c 12% Vitamin C + Glutabright + Ferulic Acid,Somethinc,"#fragrance & essentialoil-free, #alcohol-free, #paraben-free, #sulfate-free, #silicone-free",https://www.skincarisma.com/products/somethinc-glass-c-12-vitamin-c-glutabright-ferulic-acid,"Water, Methylpropanediol, 3-0-Ethyl Ascorbic Acid, C12-14 Alketh-12, 1,2-Hexanediol, Pentylene Glycol, Acetyl Glycyl B-Alanine, Glycereth-26, Ferulic Acid, Hexylresorcinol, Glucosylrutin, Xanthan Gum, Tromethamine, Butylene Glycol, 4-Butylresorcinol, Disodium EDTA, Melia Azadirachta Flower Extract, Ocimum Sanctum Leaf Extract, Glycerin, Ethylhexylglycerin, Melia Azadirachta Leaf Extract, Curcuma Longa (Turmeric) Root Extract, Corallina Officinalis Extract, Polyquaternium-51, Ethyl Hexanediol, Solanum Lycopersicum (Tomato) Fruit Extract, Resveratrol, Tocopherol, Polyglyceryl-10 Laurate, Glutathione, Hydrogenated Lecithin, Soluble Collagen."
41,Somethinc Copy Paste Tinted Sunscreen,Somethinc,"#fragrance & essentialoil-free, #paraben-free, #sulfate-free",https://www.skincarisma.com/products/somethinc-copy-paste-tinted-sunscreen,"Water, Cyclopentasiloxane, Titanium Dioxide, Ethylhexyl Methoxycinnamate, Cyclohexasiloxane, Glycerin, Phenyl Trimethicone, Cetyl Ethylhexanoate, Cetyl PEG/PPG-10/1 Dimethicone, Propylene Glycol Dibenzoate, Ethylhexyl Salicylate, Methyl Methacrylate Crosspolymer, Pentylene Glycol, Dimethicone, PEG-10 Dimethicone, Zinc Oxide, Magnesium Sulfate, Phenoxyethanol, Silica, Trimethylsiloxysilicate, Dimethicone/Vinyl Dimethicone Crosspolymer, Aluminum Hydroxide, Betaine, Disteardimonium Hectorite, Triethoxycaprylylsilane, Stearic Acid, Ethylhexylglycerin, Disodium EDTA, BHT, Allantoin, Caffeine, Ci 77491, Ci 77499, Hydrolyzed Sodium Hyaluronate, Ci 77492, 1.2 Hexanediol."
42,"Triple Care 13,5% Total Acids Purple Ranger Peeling Treatment",Facetology,#fragrance & essentialoil-free,https://www.skincarisma.com/products/triple-care-13-5-total-acids-purple-ranger-peeling-treatment,"Aqua, Glycolic Acid, Centella Asiatica Extract, Gluconolactone, Glycerin, Sodium Hydroxide, Butylene Glycol, Panthenol, Salicylic Acid, Potassium Azeloyl Diglycinate, Tasmannia Lanceolata Fruit/Leaf Extract, Biosaccharide Gum-1, Daucus Carota Sativa Extract, Vaccinium Myrtillus Bud Extract, Allantoin, Dipotassium Glycyrrhizate, Xanthan Gum, Amylopectin, Dextrin, Benzotriazolyl Dodecyl P-Cresol, Chlorphenesin, Tetrasodium EDTA, Maltodextrin, Phenoxyethanol, Citric Acid, 1,2-Hexanediol, Potassium Sorbate, Ethylhexylglycerin, CI 42090"
43,Triple Care Acne Calm Moisturizer,Facetology,#fragrance & essentialoil-free,https://www.skincarisma.com/products/triple-care-acne-calm-moisturizer,"Aqua, Glycerin, Cyclopentasiloxane, Butylene Glycol, Garcinia Mangostana Peel Extract, Isononyl Isononanoate, Centella Asiatica Leaf Extract, Propylene Glycol, Polyacrylamide, Salix Alba (Willow) Bark Extract, 4-Terpineol, Succinic Acid, Madecassoside, Salicylic Acid, Triethanolamine, Cetearyl Alcohol, Cetyl Alcohol, Glyceryl Stearate, Methylpropanediol, PEG-40 Stearate, Ceteareth-20, Xanthan Gum, Tetrasodium EDTA, Citric Acid, PEG-40 Hydrogenated Castor Oil, Phenoxyethanol, Potassium Sorbate, Sodium Benzoate"
44,Calm Down! Skinpair R-Cover Cream,Somethinc,#fragrance & essentialoil-free,https://www.skincarisma.com/products/calm-down-skinpair-r-cover-cream,"Water, Glycerin, Dicaprylyl Ether, Butylene Glycol, Hydrogenated Ethylhexyl Olivate, Pentylene Glycol, 1,2-Hexanediol, Panthenol, Hydrogenated Polydecene, Saccharide Isomerate, Hydroxyethyl Acrylate/Sodium Acryloyldimethyl Taurate Copolymer, Acrylates/C10-30 Alkyl Acrylate Crosspolymer, Polymethylsilsesquioxane, Hydrogenated Olive Oil Unsaponifiables, Boron Nitride, Madecassoside, Aloe Barbadensis Leaf Extract, Allantoin, Artemisia Vulgaris Extract, Astrocaryum Murumuru Seed Butter, Glyceryl Acrylate/Acrylic Acid Copolymer, Tromethamine, Ethylhexylglycerin, Xanthan Gum, Dipotassium Glycyrrhizate, Sodium Phytate, Ceramide NP, Sodium Citrate, Citric Acid, Sea Water, Propanediol, Tocopherol, Emiliania Huxleyi Extract"
45,Somethinc Calm Down! Skinpair R-cover Cream,Somethinc,"#fragrance & essentialoil-free, #alcohol-free, #paraben-free, #sulfate-free, #silicone-free",https://www.skincarisma.com/products/somethinc-calm-down-skinpair-r-cover-cream,"Water, Glycerin, Dicaprylyl Ether, Butylene Glycol, Hydrogenated Ethylhexyl Olivate, Pentylene Glycol, 1,2-Hexanediol, Panthenol, Hydrogenated Polydecene, Saccharide Isomerate, Hydroxyethyl Acrylate/Sodium Acryloyldimethyl Taurate Copolymer, Acrylates/C10-30 Alkyl Acrylate Crosspolymer, Polymethylsilsesquioxane, Hydrogenated Olive Oil Unsaponifiables, Boron Nitride, Madecassoside, Aloe Barbadensis Leaf Extract, Allantoin, Artemisia Vulgaris Extract, Astrocaryum Murumuru Seed Butter, Glyceryl Acrylate/Acrylic Acid Copolymer, Tromethamine, Ethylhexylglycerin, Xanthan Gum, Dipotassium Glycyrrhizate, Sodium Phytate, Ceramide NP, Sodium Citrate, Citric Acid, Sea Water, Propanediol, Tocopherol, Emiliania Huxleyi Extract."
46,Acne Power Clear Micellar Water,Npure,#paraben-free,https://www.skincarisma.com/products/acne-power-clear-micellar-water,"Aqua, Propylene Glycol, Olive Oil PEG-7 Esters, Butylene Glycol, Cocamidopropyl Betaine, 1,2-Hexanediol, Hydroxyacetophenone, Sodium Chloride, Disodium EDTA, Fragrance, Centella Asiatica Extract, Salicylic Acid, Niacinamide, Salix Alba (Willow) Bark Extract, Vanillin, Ectoin, Ergothioneine"
47,Your Skin Bae Toner Salicylic Acid 1% + Zinc + Tea Tree Water,Avoskin,#fragrance & essentialoil-free,https://www.skincarisma.com/products/your-skin-bae-toner-salicylic-acid-1-zinc-tea-tree-water,"Water, Propylene Glycol, Glycerin, Salicylic Acid, Phenoxyethanol, Zinc PCA, Melaleuca Alternifolia Leaf Water, Chlorphenesin, Disodium EDTA, Xanthan Gum, Sodium Bisulfite"
48,Supple Power Hyaluronic9+ Onsen Essence Toner,Somethinc,#fragrance & essentialoil-free,https://www.skincarisma.com/products/supple-power-hyaluronic9-onsen-essence-toner,"Onsen-Sui (79%), Water, Niacinamide, Butylene Glycol, 1,2-Hexanediol, Dipropylene Glycol, Chondrus Crispus (Carrageenan) Extract, Caprylyl Glycol, Saccharum Officinarum (Sugarcane) Extract, Betaine, Sodium Citrate, Propanediol, Polyglyceryl-10 Laurate, Sodium Hyaluronate, Citric Acid, Adenosine, Allantoin, Hyaluronic Acid, Plumeria Alba (Frangipani) Flower Oil, Ethylhexylglycerin, Hydrolyzed Hyaluronic Acid, Hydroxypropyltrimonium Hyaluronate, Hydrolyzed Sodium Hyaluronate, Sodium Acetylated Hyaluronate, Caffeine, PEG-9 Diglycidyl Ether/Sodium Hyaluronate Crosspolymer, Potassium Hyaluronate, Tocopherol, Dimethylsilanol Hyaluronate, Sodium Benzoate"
49,Bright Stuff Face Toner,Emina,#paraben-free,https://www.skincarisma.com/products/bright-stuff-face-toner,"Aqua, Glycerin, Triethanolamine, Glycolic Acid, Niacinamide, Phenoxyethanol, Chlorphenesin, Disodium EDTA, Allantoin, Butylene Glycol, Trideceth-9, PEG-40 Hydrogenated Castor Oil, Fragrance, Polysorbate 20, Actinidia Polygama Fruit Extract"
50,Barrier Revive Cream,Labore,#fragrance & essentialoil-free,https://www.skincarisma.com/products/barrier-revive-cream,"Aqua, Butylene Glycol, Dicaprylyl Carbonate, Butyrospermum Parkii (Shea) Butter, Cetearyl Alcohol, Glycerin, Dimethicone, Squalane, Propanediol, Bifida Ferment Lysate, Hydroxyethyl Acrylate/Sodium Acryloyldimethyl Taurate Copolymer, Saccharide Isomerate, Allantoin, Bisabolol, 1,2-Hexanediol, Cetearyl Glucoside, Glyceryl Stearate, Xanthan Gum, Polysilicone-11, Chlorphenesin, PEG-100 Stearate, Tocopheryl Acetate, Disodium EDTA, Caprylhydroxamic Acid, Sodium Hyaluronate, Sodium Citrate, Citric Acid, Phragmites Karka Extract, Poria Cocos Extract, Mirabilis Jalapa Extract, Sodium Benzoate, Glucose, PEG-8, PEG-6 Caprylic/Capric Triglycerides"
51,Acne Spot Serum,Azarine,#fragrance & essentialoil-free,https://www.skincarisma.com/products/acne-spot-serum,"Aqua, Glycerin*, Succinic Acid, Propanediol*, Centella Asiatica Extract*, Capryloyl Glycine, Carica Papaya Fruit Extract*, Arbutin, Chlorphenesin, Nelumbo Nucifera Leaf Extract*, Camellia Sinensis Leaf Extract*, Psidium Guajava Leaf Extract*, Angelica Gigas Extract*, Phenoxyethanol, Sarcosine, Xanthan Gum*, Cinnamomum Zeylanicum Bark Extract*"
52,Biome Repair Topicalm Cream,Labore,#fragrance & essentialoil-free,https://www.skincarisma.com/products/biome-repair-topicalm-cream,"Aqua, Glycerin, Squalane, Cetearyl Alcohol, Petrolatum, Dimethicone, Bifida Ferment Lysate, Propanediol, Hydroxyethyl Acrylate/Sodium Acryloyldimethyl Taurate Copolymer, Cetearyl Glucoside, Allantoin, Bisabolol, 1,2-Hexanediol, Dipotassium Glycyrrhizate, Xanthan Gum, Caprylic/Capric Triglyceride, Chlorphenesin, Caprylhydroxamic Acid, Tetrasodium EDTA, Deoxyphytantriyl Palmitamide MEA, Hydrogenated Lecithin, Ceramide NP, Cholesterol, Lactobacillus, Glucose, Cyanocobalamin, Algin, Potassium Sorbate, Sodium Benzoate, Calcium Chloride"
53,Eye Serum,The Originote,"#fragrance & essentialoil-free, #alcohol-free, #paraben-free, #sulfate-free, #silicone-free",https://www.skincarisma.com/products/eye-serum,"Water, Butylene Glycol, Glycerin, Cyclopentasiloxane, Squalane, Niacinamide, Cetearyl Alcohol, Ammonium Acryloyldimethyltaurate/Vp Copolymer, Lactobacillus/Rice Ferment, Polyglyceryl-6 Distearate, 1,2-Hexanediol, Hydroxyacetophenone, Cetearyl Stearate, Lecithin, Sodium Hyaluronate, Caffeine, Cyclodextrin, Collagen, Allantoin, Polyglyceryl-3 Beeswax, Cetyl Alcohol, Beta-Glucan, Escin, Glycyrrhiza Uralensis Root Extract, Polysorbate 20, Trehalose, Propanediol, Phenoxyethanol, Centella Asiatica Root Extract, Ethylhexylglycerin, Caprylyl Glycol, Xanthan Gum, Palmitoyl Tripeptide-1, Arginine/Lysine Polypeptide."
54,Kind Watery Moisturizer,Skin Game,#fragrance & essentialoil-free,https://www.skincarisma.com/products/kind-watery-moisturizer,"Water/Aqua, Trehalose, Propanediol, Glycerin, Sodium Acrylate/Sodium Acryloyldimethyl Taurate Copolymer, Panthenol, 1,2-Hexanediol, Ceramide NP, Ceramide AP, Phytosphingosine, Cholesterol, Ceramide EOP, C15-19 Alkane, Lauryl Glucoside, Trisodium Ethylenediamine Disuccinate, Sodium Lauroyl Lactylate, Xanthan Gum, Carbomer, Phenoxyethanol, Ethylhexylglycerin, Citric Acid"
55,2% BHA Salicylic Acid Acne Treatment,Somethinc,#fragrance & essentialoil-free,https://www.skincarisma.com/products/2-bha-salicylic-acid-acne-treatment,"Aqua, Acacia Senegal Gum, Pentylene Glycol, Salicylic Acid, Trehalose, Polyglyceryl-4 Caprate, 1,2-Hexanediol, Butylene Glycol, Benzotriazolyl Dodecyl P-Cresol, Disodium EDTA, Hydroxyethylcellulose, Triethanolamine, Ethylhexylglycerin, Hydrolyzed Algin, CI 19140, Phragmites Kharka Extract, Poria Cocos Extract, CI 17200, Phenoxyethanol, Zinc Sulfate"
56,Power Serum Acne Serum,Hanasui,"#paraben-free, #sulfate-free, #fragrance & essentialoil-free, #alcohol-free, #silicone-free",https://www.skincarisma.com/products/power-serum-acne-serum,"Water, Butylene Glycol, Hydroxyethyl Urea, Betaine, Methyl Gluceth-20, Salicylic Acid, Glycolic Acid, Propanediol, Ethoxydiglycol, Succinic Acid, Phenoxyethanol, Biosaccharide Gum-1, Glycerin, PEG-20, Caprylic/Capric Triglyceride, PEG-60 Almond Glycerides, Vaccinium Myrtillus Fruit Extract, Caprylyl Glycol, Allantoin, Ammonium Acryloyldimethyltaurate/VP Copolymer, Arginine, Saccharum Officinarum Extract, Ethylhexylglycerin, Lecithin, Dehydroxanthan Gum, Disodium EDTA, Tocopheryl Acetate, Sodium Hyaluronate, Citrus Aurantium Dulcis Fruit Extract, Citrus Limon Fruit Extract, Ascorbic Acid, Acer Saccharum Extract, Platycarya Strobilacea Extract, Psoralea Corylifolia Fruit Extract, Sophora Flavescens Root Extract, Carbomer, Nordihydroguaiaretic Acid, Oleanolic Acid"
57,Somethinc Low pH Jelly Cleanser,Somethinc,"#fragrance & essentialoil-free, #alcohol-free, #paraben-free, #sulfate-free, #silicone-free",https://www.skincarisma.com/products/somethinc-low-ph-jelly-cleanser,"Water, Potassium Laureth Phosphate, Glycerin, Potassium Cocoyl Glutamate, Acrylates/C10-30 Alkyl Acrylate Crosspolymer, Butylene Glycol, Centella Asiatica Leaf Water, Caprylic/Capric Triglyceride, Aspartic Acid, Caprylyl Glycol, Sodium Cocoyl Glutamate, 1,2-Hexanediol, Lauryl Hydroxysultaine, Coco-Glucoside, Polyglyceryl-10 Laurate, Polyglyceryl-10 Myristate, Glyceryl Caprylate, Melaleuca Alternifolia (Tea Tree) Leaf Oil, Sodium Cocoyl Isethionate, Disodium EDTA, Calendula Officinalis Flower Extract, Mentha Piperita (Peppermint Oil) Oil, Quillaja Saponaria Bark Extract, Artemisia Capillaris Extract."
58,Cica Complex+Panthenol Ceramide Calm & Soothe Gel Moisturizer,Wardah,#fragrance & essentialoil-free,https://www.skincarisma.com/products/cica-complex-panthenol-ceramide-calm-soothe-gel-moisturizer,"Aqua, Niacinamide, Butylene Glycol, Propanediol, Centella Asiatica Extract, Panthenol, Ceramide NP, Saccharide Isomerate, Allantoin, Mirabilis Jalapa Extract, Glycerin, Xylitol, 1,2-Hexanediol, Acrylates/C10-30 Alkyl Acrylate Crosspolymer, Ammonium Acryloyldimethyltaurate/VP Copolymer, Aminomethyl Propanol, Caprylic/Capric Triglyceride, Chlorphenesin, Caprylhydroxamic Acid, Disodium EDTA, Deoxyphytantriyl Palmitamide MEA, Hydrogenated Lecithin, Cholesterol, Citric Acid, Sodium Citrate"
59,Milk Cleanser Green Tea,Viva Cosmetics,#sulfate-free,https://www.skincarisma.com/products/milk-cleanser-green-tea,"Water, Paraffinum Liquidum, Stearic Acid, Cetyl Alcohol, Triethanolamine, Methylparaben, Parfum, Propylparaben, Camellia Sinensis Extract, Melaleuca Alternifolia Leaf Oil, BHT, CI 19140, CI 42090."
60,Crystal Secret NMF Amino + AHA PHA Clarifying Foaming Cleanser,Wardah,"#paraben-free, #silicone-free, #alcohol-free, #sulfate-free",https://www.skincarisma.com/products/crystal-secret-nmf-amino-aha-pha-clarifying-foaming-cleanser,"Water, Glycerin, Acrylates Copolymer, Cocamidopropyl Betaine, Propylene Glycol, Sodium Laureth Sulfate, Potassium Cocoyl Glycinate, Decyl Glucoside, Sodium Lauroyl Methyl Isethionate, Sodium PCA, Potassium Cocoate, Sodium Chloride, Phenoxyethanol, Sodium Hydroxide, Parfum, DMDM Hydantoin, Gluconolactone, Zea Mays Starch, Mannitol, Microcrystalline Cellulose, Ethylhexylglycerin, Disodium EDTA, Trisodium Ethylenediamine Disuccinate, Sodium Benzoate, Lactic Acid, Glycolic Acid, Mica, Citric Acid, Citrus Aurantium Dulcis Fruit Extract, Hydroxypropyl Starch Phosphate, Tocopheryl Acetate, Leontopodium Alpinum Extract, Malic Acid, Saccharum Officinarum Extract, Tartaric Acid, Potassium Sorbate, Acer Saccharum Extract, Citrus Limon Fruit Extract, Vaccinium Myrtillus Fruit Extract, CI 77891, CI 77499"
