id,product_id,ingredient_id,ingredient_order
1,1,1,1
2,1,2,2
3,1,3,3
4,1,4,4
5,1,5,5
6,1,6,6
7,1,7,7
8,1,8,8
9,1,9,9
10,1,10,10
11,1,11,11
12,1,12,12
13,1,13,13
14,1,14,14
15,1,15,15
16,1,16,16
17,1,17,17
18,1,18,18
19,1,19,19
20,1,20,20
21,1,21,21
22,1,22,22
23,1,23,23
24,1,24,24
25,1,25,25
26,1,26,26
27,1,27,27
28,1,28,28
29,1,29,29
30,1,30,30
31,1,31,31
32,1,32,32
33,1,33,33
34,1,34,34
35,1,35,35
36,1,36,36
37,1,37,37
38,2,1,1
39,2,38,2
40,2,31,3
41,2,39,4
42,2,40,5
43,2,17,6
44,2,41,7
45,2,42,8
46,2,43,9
47,2,44,10
48,2,6,11
49,2,45,12
50,2,46,13
51,2,47,14
52,2,48,15
53,2,49,16
54,2,50,17
55,2,51,18
56,2,52,19
57,2,53,20
58,2,54,21
59,2,55,22
60,2,56,23
61,2,57,24
62,2,58,25
63,2,59,26
64,2,60,27
65,2,61,28
66,2,62,29
67,2,63,30
68,2,64,31
69,2,65,32
70,2,66,33
71,2,67,34
72,2,68,35
73,2,69,36
74,2,70,37
75,2,71,38
76,2,72,39
77,2,73,40
78,2,74,41
79,2,75,42
80,2,76,43
81,2,77,44
82,2,78,45
83,2,79,46
84,2,80,47
85,2,81,48
86,2,82,49
87,2,19,50
88,2,83,51
89,2,20,52
90,2,84,53
91,2,85,54
92,2,86,55
93,2,21,56
94,2,87,57
95,2,88,58
96,2,89,59
97,3,1,1
98,3,90,2
99,3,91,3
100,3,92,4
101,3,24,5
102,3,31,6
103,3,93,7
104,3,61,8
105,3,94,9
106,3,95,10
107,3,96,11
108,3,97,12
109,3,98,13
110,3,99,14
111,3,100,15
112,3,101,16
113,3,80,17
114,3,102,18
115,3,21,19
116,3,103,20
117,3,29,21
118,3,27,22
119,3,104,23
120,3,105,24
121,3,106,25
122,3,15,26
123,3,20,27
124,3,107,28
125,4,108,1
126,4,8,2
127,4,109,3
128,4,15,4
129,4,110,5
130,4,71,6
131,4,111,7
132,4,112,8
133,4,85,9
134,4,31,10
135,4,20,11
136,4,27,12
137,4,113,13
138,4,28,14
139,4,29,15
140,4,21,16
141,4,114,17
142,4,115,18
143,4,116,19
144,5,117,1
145,5,15,2
146,5,113,3
147,5,20,4
148,5,118,5
149,5,31,6
150,5,119,7
151,5,7,8
152,5,120,9
153,5,61,10
154,5,121,11
155,5,122,12
156,5,123,13
157,5,124,14
158,5,43,15
159,5,125,16
160,5,126,17
161,5,127,18
162,6,1,1
163,6,128,2
164,6,129,3
165,6,130,4
166,6,131,5
167,6,132,6
168,6,31,7
169,6,15,8
170,6,111,9
171,6,133,10
172,6,76,11
173,6,20,12
174,6,134,13
175,6,8,14
176,6,135,15
177,6,71,16
178,6,136,17
179,6,21,18
180,6,28,19
181,6,137,20
182,6,61,21
183,6,34,22
184,6,138,23
185,6,7,24
186,6,139,25
187,6,140,26
188,6,123,27
189,6,141,28
190,6,142,29
191,6,143,30
192,6,43,31
193,6,6,32
194,6,144,33
195,6,44,34
196,6,30,35
197,6,145,36
198,7,1,1
199,7,31,2
200,7,67,3
201,7,146,4
202,7,147,5
203,7,80,6
204,7,70,7
205,7,148,8
206,7,149,9
207,7,121,10
208,7,81,11
209,7,20,12
210,7,150,13
211,7,88,14
212,7,151,15
213,7,152,16
214,7,153,17
215,8,108,1
216,8,128,2
217,8,8,3
218,8,154,4
219,8,155,5
220,8,20,6
221,8,23,7
222,8,85,8
223,8,34,9
224,8,129,10
225,8,27,11
226,8,24,12
227,8,156,13
228,8,157,14
229,8,70,15
230,8,158,16
231,8,81,17
232,8,114,18
233,8,159,19
234,8,103,20
235,8,14,21
236,8,71,22
237,8,160,23
238,9,1,1
239,9,128,2
240,9,129,3
241,9,154,4
242,9,156,5
243,9,19,6
244,9,159,7
245,9,161,8
246,9,20,9
247,9,162,10
248,9,163,11
249,9,34,12
250,9,141,13
251,9,121,14
252,9,70,15
253,9,31,16
254,9,164,17
255,9,165,18
256,9,166,19
257,9,81,20
258,9,85,21
259,9,28,22
260,9,14,23
261,9,160,24
262,9,167,25
263,9,67,26
264,9,168,27
265,9,169,28
266,9,170,29
267,9,171,30
268,9,21,31
269,9,172,32
270,9,126,33
271,9,173,34
272,10,1,1
273,10,8,2
274,10,34,3
275,10,174,4
276,10,175,5
277,10,56,6
278,10,176,7
279,10,177,8
280,10,20,9
281,10,178,10
282,10,31,11
283,10,158,12
284,10,179,13
285,10,70,14
286,10,180,15
287,10,21,16
288,10,28,17
289,10,181,18
290,10,80,19
291,10,61,20
292,11,182,1
293,11,8,2
294,11,183,3
295,11,56,4
296,11,1,5
297,11,31,6
298,11,172,7
299,11,161,8
300,11,184,9
301,11,185,10
302,11,34,11
303,11,81,12
304,11,21,13
305,11,186,14
306,11,187,15
307,11,188,16
308,11,70,17
309,11,189,18
310,11,94,19
311,11,35,20
312,11,36,21
313,12,108,1
314,12,8,2
315,12,15,3
316,12,155,4
317,12,190,5
318,12,19,6
319,12,71,7
320,12,42,8
321,12,31,9
322,12,191,10
323,12,169,11
324,12,158,12
325,12,192,13
326,12,28,14
327,12,106,15
328,12,20,16
329,12,193,17
330,12,21,18
331,13,108,1
332,13,194,2
333,13,7,3
334,13,41,4
335,13,31,5
336,13,23,6
337,13,85,7
338,13,195,8
339,13,196,9
340,13,64,10
341,13,197,11
342,13,198,12
343,13,199,13
344,13,14,14
345,13,24,15
346,13,20,16
347,13,200,17
348,13,71,18
349,13,174,19
350,13,201,20
351,13,111,21
352,13,81,22
353,13,28,23
354,13,202,24
355,13,21,25
356,13,203,26
357,13,157,27
358,13,35,28
359,13,36,29
360,13,88,30
361,13,204,31
362,13,205,32
363,13,206,33
364,13,207,34
365,14,1,1
366,14,208,2
367,14,31,3
368,14,209,4
369,14,27,5
370,14,34,6
371,14,210,7
372,14,7,8
373,14,211,9
374,14,86,10
375,14,212,11
376,14,35,12
377,14,36,13
378,14,213,14
379,14,214,15
380,14,184,16
381,14,215,17
382,14,216,18
383,14,217,19
384,14,218,20
385,14,28,21
386,14,219,22
387,14,192,23
388,14,220,24
389,14,221,25
390,15,1,1
391,15,31,2
392,15,34,3
393,15,8,4
394,15,222,5
395,15,35,6
396,15,36,7
397,15,143,8
398,15,223,9
399,15,224,10
400,15,183,11
401,15,27,12
402,15,54,13
403,15,225,14
404,15,226,15
405,15,161,16
406,15,227,17
407,15,228,18
408,15,229,19
409,15,230,20
410,15,231,21
411,15,232,22
412,15,7,23
413,15,160,24
414,15,61,25
415,15,71,26
416,15,233,27
417,15,234,28
418,15,235,29
419,15,145,30
420,15,236,31
421,15,237,32
422,15,85,33
423,15,20,34
424,15,115,35
425,15,25,36
426,15,238,37
427,15,15,38
428,15,239,39
429,15,67,40
430,15,140,41
431,15,240,42
432,15,21,43
433,15,241,44
434,15,123,45
435,15,111,46
436,15,87,47
437,15,26,48
438,15,124,49
439,15,198,50
440,15,242,51
441,15,94,52
442,15,43,53
443,16,108,1
444,16,243,2
445,16,244,3
446,16,34,4
447,16,20,5
448,16,245,6
449,16,120,7
450,16,28,8
451,16,21,9
452,16,246,10
453,16,111,11
454,16,247,12
455,16,248,13
456,16,249,14
457,16,250,15
458,16,251,16
459,17,120,1
460,17,31,2
461,17,252,3
462,17,8,4
463,17,88,5
464,17,253,6
465,17,254,7
466,17,71,8
467,17,158,9
468,17,245,10
469,17,255,11
470,17,256,12
471,17,257,13
472,17,20,14
473,17,81,15
474,17,258,16
475,17,28,17
476,17,259,18
477,17,260,19
478,17,1,20
479,18,261,1
480,18,1,2
481,18,31,3
482,18,176,4
483,18,35,5
484,18,36,6
485,18,85,7
486,18,262,8
487,18,111,9
488,18,18,10
489,18,263,11
490,18,186,12
491,18,69,13
492,18,264,14
493,18,11,15
494,18,9,16
495,18,265,17
496,18,266,18
497,18,227,19
498,18,71,20
499,18,267,21
500,18,268,22
501,18,269,23
502,18,270,24
503,18,271,25
504,18,272,26
505,18,123,27
506,18,42,28
507,18,273,29
508,18,143,30
509,18,27,31
510,18,274,32
511,18,81,33
512,18,80,34
513,18,275,35
514,18,21,36
515,18,34,37
516,18,79,38
517,18,276,39
518,18,277,40
519,19,278,1
520,19,1,2
521,19,31,3
522,19,85,4
523,19,35,5
524,19,36,6
525,19,7,7
526,19,111,8
527,19,273,9
528,19,71,10
529,19,279,11
530,19,27,12
531,19,280,13
532,19,42,14
533,19,281,15
534,19,274,16
535,19,86,17
536,19,61,18
537,19,186,19
538,19,70,20
539,19,21,21
540,19,30,22
541,19,43,23
542,19,282,24
543,19,79,25
544,19,6,26
545,19,283,27
546,19,124,28
547,19,81,29
548,19,284,30
549,19,113,31
550,19,285,32
551,19,64,33
552,19,62,34
553,19,286,35
554,19,287,36
555,19,288,37
556,19,94,38
557,19,289,39
558,19,25,40
559,20,1,1
560,20,128,2
561,20,154,3
562,20,156,4
563,20,85,5
564,20,290,6
565,20,34,7
566,20,129,8
567,20,20,9
568,20,15,10
569,20,8,11
570,20,291,12
571,20,292,13
572,20,110,14
573,20,27,15
574,20,70,16
575,20,133,17
576,20,121,18
577,20,31,19
578,20,293,20
579,20,14,21
580,20,80,22
581,20,165,23
582,20,19,24
583,20,294,25
584,20,295,26
585,20,111,27
586,20,296,28
587,20,113,29
588,20,28,30
589,20,29,31
590,20,10,32
591,20,297,33
592,20,160,34
593,20,152,35
594,21,108,1
595,21,31,2
596,21,298,3
597,21,299,4
598,21,300,5
599,21,56,6
600,21,301,7
601,21,8,8
602,21,88,9
603,21,20,10
604,21,158,11
605,21,70,12
606,21,165,13
607,21,28,14
608,21,114,15
609,21,217,16
610,21,126,17
611,21,259,18
612,22,1,1
613,22,31,2
614,22,19,3
615,22,15,4
616,22,34,5
617,22,302,6
618,22,76,7
619,22,303,8
620,22,240,9
621,22,304,10
622,22,305,11
623,22,38,12
624,22,70,13
625,22,80,14
626,22,160,15
627,22,306,16
628,22,307,17
629,22,146,18
630,22,61,19
631,22,284,20
632,22,285,21
633,22,62,22
634,22,35,23
635,22,36,24
636,22,21,25
637,22,43,26
638,22,20,27
639,22,274,28
640,22,308,29
641,22,27,30
642,22,28,31
643,22,280,32
644,22,124,33
645,22,6,34
646,22,283,35
647,22,288,36
648,22,81,37
649,22,113,38
650,22,115,39
651,22,25,40
652,22,88,41
653,22,309,42
654,22,310,43
655,23,108,1
656,23,311,2
657,23,34,3
658,23,123,4
659,23,312,5
660,23,20,6
661,23,313,7
662,23,314,8
663,23,134,9
664,23,245,10
665,23,315,11
666,23,316,12
667,23,160,13
668,23,28,14
669,23,21,15
670,23,317,16
671,23,318,17
672,23,81,18
673,23,31,19
674,23,86,20
675,23,14,21
676,23,319,22
677,23,216,23
678,23,247,24
679,23,320,25
680,24,108,1
681,24,321,2
682,24,71,3
683,24,85,4
684,24,31,5
685,24,322,6
686,24,28,7
687,25,1,1
688,25,8,2
689,25,56,3
690,25,246,4
691,25,15,5
692,25,85,6
693,25,67,7
694,25,34,8
695,25,158,9
696,25,20,10
697,25,83,11
698,25,31,12
699,25,81,13
700,25,21,14
701,25,114,15
702,25,88,16
703,25,115,17
704,25,116,18
705,26,1,1
706,26,31,2
707,26,8,3
708,26,85,4
709,26,35,5
710,26,36,6
711,26,111,7
712,26,190,8
713,26,273,9
714,26,323,10
715,26,27,11
716,26,42,12
717,26,274,13
718,26,186,14
719,26,70,15
720,26,21,16
721,26,79,17
722,26,239,18
723,26,80,19
724,26,94,20
725,26,67,21
726,26,148,22
727,26,34,23
728,26,256,24
729,26,324,25
730,26,110,26
731,26,325,27
732,26,326,28
733,26,327,29
734,26,328,30
735,27,1,1
736,27,15,2
737,27,138,3
738,27,31,4
739,27,8,5
740,27,81,6
741,27,20,7
742,27,121,8
743,27,329,9
744,27,103,10
745,27,330,11
746,27,178,12
747,27,29,13
748,28,108,1
749,28,331,2
750,28,332,3
751,28,31,4
752,28,333,5
753,28,245,6
754,28,71,7
755,28,15,8
756,28,20,9
757,28,334,10
758,28,18,11
759,28,305,12
760,28,335,13
761,28,336,14
762,28,337,15
763,28,11,16
764,28,9,17
765,28,21,18
766,28,316,19
767,28,88,20
768,28,10,21
769,28,273,22
770,28,338,23
771,28,339,24
772,28,25,25
773,28,115,26
774,28,85,27
775,28,340,28
776,29,1,1
777,29,183,2
778,29,163,3
779,29,85,4
780,29,341,5
781,29,34,6
782,29,35,7
783,29,36,8
784,29,8,9
785,29,111,10
786,29,342,11
787,29,343,12
788,29,344,13
789,29,143,14
790,29,42,15
791,29,225,16
792,29,345,17
793,29,113,18
794,29,31,19
795,29,274,20
796,29,70,21
797,29,21,22
798,29,346,23
799,29,347,24
800,29,82,25
801,29,81,26
802,29,79,27
803,29,348,28
804,29,265,29
805,29,349,30
806,29,276,31
807,29,148,32
808,29,268,33
809,29,264,34
810,29,259,35
811,29,270,36
812,29,258,37
813,29,71,38
814,29,271,39
815,29,94,40
816,29,272,41
817,29,269,42
818,29,350,43
819,30,1,1
820,30,34,2
821,30,253,3
822,30,54,4
823,30,35,5
824,30,36,6
825,30,56,7
826,30,70,8
827,30,252,9
828,30,187,10
829,30,158,11
830,30,189,12
831,31,1,1
832,31,31,2
833,31,34,3
834,31,222,4
835,31,35,5
836,31,36,6
837,31,143,7
838,31,27,8
839,31,71,9
840,31,351,10
841,31,352,11
842,31,15,12
843,31,120,13
844,31,183,14
845,31,61,15
846,31,70,16
847,31,10,17
848,31,353,18
849,31,232,19
850,31,284,20
851,31,354,21
852,31,227,22
853,31,355,23
854,31,20,24
855,31,7,25
856,31,356,26
857,31,357,27
858,31,123,28
859,31,121,29
860,31,87,30
861,31,26,31
862,31,124,32
863,31,43,33
864,32,1,1
865,32,128,2
866,32,154,3
867,32,31,4
868,32,85,5
869,32,156,6
870,32,129,7
871,32,34,8
872,32,358,9
873,32,150,10
874,32,285,11
875,32,30,12
876,32,359,13
877,32,70,14
878,32,20,15
879,32,62,16
880,32,284,17
881,32,80,18
882,32,121,19
883,32,287,20
884,32,63,21
885,32,64,22
886,32,360,23
887,32,361,24
888,33,1,1
889,33,31,2
890,33,34,3
891,33,8,4
892,33,222,5
893,33,362,6
894,33,363,7
895,33,364,8
896,33,143,9
897,33,35,10
898,33,36,11
899,33,223,12
900,33,183,13
901,33,257,14
902,33,70,15
903,33,225,16
904,33,365,17
905,33,15,18
906,33,259,19
907,33,61,20
908,33,232,21
909,33,7,22
910,33,187,23
911,33,30,24
912,33,235,25
913,33,123,26
914,33,87,27
915,33,26,28
916,33,124,29
917,33,20,30
918,33,238,31
919,33,43,32
920,33,366,33
921,33,240,34
922,33,285,35
923,33,62,36
924,33,67,37
925,33,85,38
926,33,367,39
927,33,198,40
928,33,138,41
929,33,150,42
930,33,368,43
931,33,284,44
932,33,369,45
933,33,370,46
934,33,140,47
935,33,241,48
936,34,108,1
937,34,31,2
938,34,38,3
939,34,371,4
940,34,61,5
941,34,4,6
942,34,71,7
943,34,121,8
944,34,83,9
945,34,372,10
946,34,373,11
947,34,201,12
948,34,7,13
949,34,374,14
950,34,375,15
951,34,376,16
952,34,377,17
953,34,135,18
954,34,378,19
955,34,123,20
956,34,379,21
957,35,380,1
958,35,34,2
959,35,245,3
960,35,108,4
961,35,381,5
962,35,120,6
963,35,20,7
964,35,35,8
965,35,36,9
966,35,382,10
967,35,21,11
968,35,383,12
969,35,384,13
970,35,385,14
971,35,111,15
972,35,250,16
973,35,61,17
974,35,386,18
975,36,1,1
976,36,15,2
977,36,31,3
978,36,20,4
979,36,113,5
980,36,169,6
981,36,7,7
982,36,325,8
983,36,387,9
984,36,306,10
985,36,103,11
986,36,145,12
987,36,123,13
988,36,21,14
989,36,124,15
990,36,178,16
991,36,80,17
992,36,388,18
993,36,160,19
994,36,389,20
995,36,34,21
996,36,390,22
997,36,391,23
998,36,392,24
999,36,393,25
1000,37,1,1
1001,37,34,2
1002,37,31,3
1003,37,8,4
1004,37,351,5
1005,37,147,6
1006,37,35,7
1007,37,36,8
1008,37,143,9
1009,37,257,10
1010,37,70,11
1011,37,67,12
1012,37,61,13
1013,37,77,14
1014,37,394,15
1015,37,395,16
1016,37,15,17
1017,37,325,18
1018,37,110,19
1019,37,112,20
1020,37,396,21
1021,37,397,22
1022,37,398,23
1023,37,7,24
1024,37,123,25
1025,37,87,26
1026,37,26,27
1027,37,124,28
1028,37,43,29
1029,37,20,30
1030,37,399,31
1031,37,400,32
1032,38,108,1
1033,38,71,2
1034,38,31,3
1035,38,34,4
1036,38,67,5
1037,38,257,6
1038,38,20,7
1039,38,306,8
1040,38,121,9
1041,38,70,10
1042,38,28,11
1043,38,330,12
1044,38,178,13
1045,38,401,14
1046,38,35,15
1047,38,402,16
1048,39,108,1
1049,39,8,2
1050,39,31,3
1051,39,67,4
1052,39,61,5
1053,39,85,6
1054,39,403,7
1055,39,70,8
1056,39,404,9
1057,39,405,10
1058,39,406,11
1059,39,407,12
1060,39,121,13
1061,39,71,14
1062,39,408,15
1063,39,81,16
1064,39,409,17
1065,40,1,1
1066,40,183,2
1067,40,410,3
1068,40,411,4
1069,40,35,5
1070,40,36,6
1071,40,111,7
1072,40,412,8
1073,40,222,9
1074,40,149,10
1075,40,413,11
1076,40,414,12
1077,40,81,13
1078,40,274,14
1079,40,34,15
1080,40,415,16
1081,40,28,17
1082,40,416,18
1083,40,417,19
1084,40,31,20
1085,40,21,21
1086,40,418,22
1087,40,419,23
1088,40,420,24
1089,40,348,25
1090,40,276,26
1091,40,268,27
1092,40,148,28
1093,40,94,29
1094,40,184,30
1095,40,112,31
1096,40,123,32
1097,40,421,33
1098,41,1,1
1099,41,190,2
1100,41,422,3
1101,41,128,4
1102,41,323,5
1103,41,31,6
1104,41,423,7
1105,41,262,8
1106,41,424,9
1107,41,425,10
1108,41,130,11
1109,41,387,12
1110,41,111,13
1111,41,19,14
1112,41,426,15
1113,41,137,16
1114,41,427,17
1115,41,20,18
1116,41,132,19
1117,41,428,20
1118,41,294,21
1119,41,429,22
1120,41,56,23
1121,41,430,24
1122,41,431,25
1123,41,26,26
1124,41,21,27
1125,41,28,28
1126,41,160,29
1127,41,70,30
1128,41,189,31
1129,41,432,32
1130,41,433,33
1131,41,64,34
1132,41,434,35
1133,41,435,36
1134,42,108,1
1135,42,253,2
1136,42,67,3
1137,42,243,4
1138,42,31,5
1139,42,29,6
1140,42,34,7
1141,42,71,8
1142,42,158,9
1143,42,175,10
1144,42,436,11
1145,42,178,12
1146,42,437,13
1147,42,438,14
1148,42,70,15
1149,42,346,16
1150,42,81,17
1151,42,255,18
1152,42,256,19
1153,42,316,20
1154,42,121,21
1155,42,103,22
1156,42,75,23
1157,42,20,24
1158,42,88,25
1159,42,35,26
1160,42,36,27
1161,42,115,28
1162,42,21,29
1163,42,126,30
1164,43,108,1
1165,43,31,2
1166,43,190,3
1167,43,34,4
1168,43,439,5
1169,43,191,6
1170,43,440,7
1171,43,15,8
1172,43,441,9
1173,43,396,10
1174,43,442,11
1175,43,381,12
1176,43,249,13
1177,43,158,14
1178,43,120,15
1179,43,302,16
1180,43,76,17
1181,43,17,18
1182,43,183,19
1183,43,443,20
1184,43,444,21
1185,43,81,22
1186,43,103,23
1187,43,88,24
1188,43,169,25
1189,43,20,26
1190,43,115,27
1191,43,25,28
1192,44,1,1
1193,44,31,2
1194,44,39,3
1195,44,34,4
1196,44,445,5
1197,44,111,6
1198,44,35,7
1199,44,36,8
1200,44,71,9
1201,44,446,10
1202,44,118,11
1203,44,42,12
1204,44,27,13
1205,44,134,14
1206,44,447,15
1207,44,448,16
1208,44,249,17
1209,44,305,18
1210,44,70,19
1211,44,335,20
1212,44,449,21
1213,44,273,22
1214,44,274,23
1215,44,21,24
1216,44,81,25
1217,44,346,26
1218,44,79,27
1219,44,43,28
1220,44,246,29
1221,44,88,30
1222,44,450,31
1223,44,85,32
1224,44,94,33
1225,44,340,34
1226,45,1,1
1227,45,31,2
1228,45,39,3
1229,45,34,4
1230,45,445,5
1231,45,111,6
1232,45,35,7
1233,45,36,8
1234,45,71,9
1235,45,446,10
1236,45,118,11
1237,45,42,12
1238,45,27,13
1239,45,134,14
1240,45,447,15
1241,45,448,16
1242,45,249,17
1243,45,305,18
1244,45,70,19
1245,45,335,20
1246,45,449,21
1247,45,273,22
1248,45,274,23
1249,45,21,24
1250,45,81,25
1251,45,346,26
1252,45,79,27
1253,45,43,28
1254,45,246,29
1255,45,88,30
1256,45,450,31
1257,45,85,32
1258,45,94,33
1259,45,451,34
1260,46,108,1
1261,46,15,2
1262,46,452,3
1263,46,34,4
1264,46,331,5
1265,46,35,6
1266,46,36,7
1267,46,143,8
1268,46,453,9
1269,46,28,10
1270,46,106,11
1271,46,67,12
1272,46,158,13
1273,46,8,14
1274,46,396,15
1275,46,454,16
1276,46,358,17
1277,46,235,18
1278,47,1,1
1279,47,15,2
1280,47,31,3
1281,47,158,4
1282,47,20,5
1283,47,455,6
1284,47,456,7
1285,47,121,8
1286,47,28,9
1287,47,81,10
1288,47,330,11
1289,48,278,1
1290,48,1,2
1291,48,8,3
1292,48,34,4
1293,48,35,5
1294,48,36,6
1295,48,163,7
1296,48,279,8
1297,48,86,9
1298,48,281,10
1299,48,56,11
1300,48,246,12
1301,48,85,13
1302,48,184,14
1303,48,61,15
1304,48,88,16
1305,48,186,17
1306,48,70,18
1307,48,30,19
1308,48,282,20
1309,48,21,21
1310,48,284,22
1311,48,285,23
1312,48,64,24
1313,48,62,25
1314,48,189,26
1315,48,457,27
1316,48,287,28
1317,48,94,29
1318,48,289,30
1319,48,25,31
1320,49,108,1
1321,49,31,2
1322,49,120,3
1323,49,253,4
1324,49,8,5
1325,49,20,6
1326,49,121,7
1327,49,28,8
1328,49,70,9
1329,49,34,10
1330,49,167,11
1331,49,169,12
1332,49,106,13
1333,49,172,14
1334,49,458,15
1335,50,108,1
1336,50,34,2
1337,50,41,3
1338,50,459,4
1339,50,302,5
1340,50,31,6
1341,50,19,7
1342,50,38,8
1343,50,85,9
1344,50,460,10
1345,50,42,11
1346,50,118,12
1347,50,70,13
1348,50,69,14
1349,50,35,15
1350,50,36,16
1351,50,461,17
1352,50,17,18
1353,50,81,19
1354,50,462,20
1355,50,121,21
1356,50,463,22
1357,50,80,23
1358,50,28,24
1359,50,241,25
1360,50,61,26
1361,50,246,27
1362,50,88,28
1363,50,464,29
1364,50,465,30
1365,50,466,31
1366,50,25,32
1367,50,10,33
1368,50,467,34
1369,50,468,35
1370,51,108,1
1371,51,31,2
1372,51,381,3
1373,51,85,4
1374,51,67,5
1375,51,469,6
1376,51,405,7
1377,51,470,8
1378,51,121,9
1379,51,471,10
1380,51,325,11
1381,51,472,12
1382,51,473,13
1383,51,20,14
1384,51,474,15
1385,51,81,16
1386,51,475,17
1387,52,108,1
1388,52,31,2
1389,52,38,3
1390,52,302,4
1391,52,476,5
1392,52,19,6
1393,52,460,7
1394,52,85,8
1395,52,42,9
1396,52,461,10
1397,52,70,11
1398,52,69,12
1399,52,35,13
1400,52,36,14
1401,52,346,15
1402,52,81,16
1403,52,7,17
1404,52,121,18
1405,52,241,19
1406,52,103,20
1407,52,477,21
1408,52,123,22
1409,52,43,23
1410,52,124,24
1411,52,478,25
1412,52,10,26
1413,52,266,27
1414,52,479,28
1415,52,115,29
1416,52,25,30
1417,52,480,31
1418,53,1,1
1419,53,34,2
1420,53,31,3
1421,53,190,4
1422,53,38,5
1423,53,8,6
1424,53,302,7
1425,53,161,8
1426,53,481,9
1427,53,482,10
1428,53,35,11
1429,53,36,12
1430,53,143,13
1431,53,483,14
1432,53,14,15
1433,53,61,16
1434,53,189,17
1435,53,484,18
1436,53,485,19
1437,53,70,20
1438,53,486,21
1439,53,76,22
1440,53,77,23
1441,53,487,24
1442,53,227,25
1443,53,172,26
1444,53,321,27
1445,53,85,28
1446,53,20,29
1447,53,488,30
1448,53,21,31
1449,53,86,32
1450,53,81,33
1451,53,489,34
1452,53,490,35
1453,54,491,1
1454,54,321,2
1455,54,85,3
1456,54,31,4
1457,54,492,5
1458,54,71,6
1459,54,35,7
1460,54,36,8
1461,54,43,9
1462,54,6,10
1463,54,283,11
1464,54,124,12
1465,54,288,13
1466,54,493,14
1467,54,494,15
1468,54,495,16
1469,54,280,17
1470,54,81,18
1471,54,113,19
1472,54,20,20
1473,54,21,21
1474,54,88,22
1475,55,108,1
1476,55,496,2
1477,55,111,3
1478,55,158,4
1479,55,321,5
1480,55,245,6
1481,55,35,7
1482,55,36,8
1483,55,34,9
1484,55,316,10
1485,55,28,11
1486,55,257,12
1487,55,120,13
1488,55,21,14
1489,55,384,15
1490,55,259,16
1491,55,497,17
1492,55,465,18
1493,55,260,19
1494,55,20,20
1495,55,498,21
1496,56,1,1
1497,56,34,2
1498,56,174,3
1499,56,56,4
1500,56,176,5
1501,56,158,6
1502,56,253,7
1503,56,85,8
1504,56,177,9
1505,56,381,10
1506,56,20,11
1507,56,178,12
1508,56,31,13
1509,56,499,14
1510,56,7,15
1511,56,500,16
1512,56,501,17
1513,56,86,18
1514,56,70,19
1515,56,161,20
1516,56,54,21
1517,56,281,22
1518,56,21,23
1519,56,14,24
1520,56,180,25
1521,56,28,26
1522,56,80,27
1523,56,61,28
1524,56,502,29
1525,56,503,30
1526,56,150,31
1527,56,504,32
1528,56,505,33
1529,56,506,34
1530,56,507,35
1531,56,113,36
1532,56,508,37
1533,56,509,38
1534,57,1,1
1535,57,208,2
1536,57,31,3
1537,57,209,4
1538,57,27,5
1539,57,34,6
1540,57,210,7
1541,57,7,8
1542,57,211,9
1543,57,86,10
1544,57,212,11
1545,57,35,12
1546,57,36,13
1547,57,213,14
1548,57,214,15
1549,57,184,16
1550,57,215,17
1551,57,216,18
1552,57,217,19
1553,57,218,20
1554,57,28,21
1555,57,219,22
1556,57,192,23
1557,57,220,24
1558,57,221,25
1559,58,108,1
1560,58,8,2
1561,58,34,3
1562,58,85,4
1563,58,67,5
1564,58,71,6
1565,58,43,7
1566,58,118,8
1567,58,70,9
1568,58,466,10
1569,58,31,11
1570,58,9,12
1571,58,35,13
1572,58,36,14
1573,58,27,15
1574,58,161,16
1575,58,157,17
1576,58,7,18
1577,58,121,19
1578,58,241,20
1579,58,28,21
1580,58,477,22
1581,58,123,23
1582,58,124,24
1583,58,88,25
1584,58,246,26
1585,59,1,1
1586,59,510,2
1587,59,26,3
1588,59,76,4
1589,59,120,5
1590,59,511,6
1591,59,165,7
1592,59,512,8
1593,59,231,9
1594,59,217,10
1595,59,160,11
1596,59,259,12
1597,59,513,13
1598,60,1,1
1599,60,31,2
1600,60,514,3
1601,60,331,4
1602,60,15,5
1603,60,515,6
1604,60,332,7
1605,60,345,8
1606,60,516,9
1607,60,58,10
1608,60,517,11
1609,60,453,12
1610,60,20,13
1611,60,29,14
1612,60,165,15
1613,60,322,16
1614,60,243,17
1615,60,518,18
1616,60,238,19
1617,60,519,20
1618,60,21,21
1619,60,28,22
1620,60,495,23
1621,60,25,24
1622,60,254,25
1623,60,253,26
1624,60,520,27
1625,60,88,28
1626,60,502,29
1627,60,301,30
1628,60,80,31
1629,60,521,32
1630,60,522,33
1631,60,281,34
1632,60,523,35
1633,60,115,36
1634,60,504,37
1635,60,503,38
1636,60,501,39
1637,60,524,40
1638,60,433,41
1639,61,1,1
1640,61,8,2
1641,61,31,3
1642,61,174,4
1643,61,56,5
1644,61,176,6
1645,61,177,7
1646,61,85,8
1647,61,20,9
1648,61,178,10
1649,61,42,11
1650,61,525,12
1651,61,526,13
1652,61,70,14
1653,61,527,15
1654,61,21,16
1655,61,28,17
1656,61,80,18
1657,61,61,19
1658,61,528,20
1659,62,1,1
1660,62,514,2
1661,62,515,3
1662,62,529,4
1663,62,331,5
1664,62,332,6
1665,62,254,7
1666,62,71,8
1667,62,15,9
1668,62,453,10
1669,62,165,11
1670,62,322,12
1671,62,530,13
1672,62,253,14
1673,62,158,15
1674,62,28,16
1675,62,501,17
1676,62,281,18
1677,62,502,19
1678,62,531,20
1679,62,504,21
1680,63,108,1
1681,63,459,2
1682,63,31,3
1683,63,302,4
1684,63,41,5
1685,63,19,6
1686,63,85,7
1687,63,118,8
1688,63,35,9
1689,63,36,10
1690,63,532,11
1691,63,249,12
1692,63,43,13
1693,63,6,14
1694,63,288,15
1695,63,70,16
1696,63,69,17
1697,63,346,18
1698,63,61,19
1699,63,461,20
1700,63,83,21
1701,63,446,22
1702,63,81,23
1703,63,42,24
1704,63,121,25
1705,63,241,26
1706,63,17,27
1707,63,533,28
1708,63,28,29
1709,63,20,30
1710,63,124,31
1711,63,123,32
1712,63,283,33
1713,63,26,34
1714,63,34,35
1715,63,534,36
1716,63,10,37
1717,63,88,38
1718,63,246,39
1719,63,535,40
1720,63,536,41
1721,64,108,1
1722,64,514,2
1723,64,331,3
1724,64,15,4
1725,64,31,5
1726,64,529,6
1727,64,345,7
1728,64,58,8
1729,64,332,9
1730,64,515,10
1731,64,517,11
1732,64,453,12
1733,64,20,13
1734,64,29,14
1735,64,322,15
1736,64,21,16
1737,64,28,17
1738,64,305,18
1739,64,115,19
1740,64,25,20
1741,65,190,1
1742,65,294,2
1743,65,537,3
1744,65,131,4
1745,65,428,5
1746,65,20,6
1747,65,108,7
1748,65,21,8
1749,65,538,9
1750,65,85,10
1751,65,358,11
1752,65,429,12
1753,65,431,13
1754,65,524,14
1755,65,434,15
1756,65,432,16
1757,65,539,17
1758,66,108,1
1759,66,128,2
1760,66,85,3
1761,66,137,4
1762,66,194,5
1763,66,133,6
1764,66,19,7
1765,66,540,8
1766,66,134,9
1767,66,422,10
1768,66,162,11
1769,66,541,12
1770,66,161,13
1771,66,141,14
1772,66,69,15
1773,66,34,16
1774,66,35,17
1775,66,36,18
1776,66,31,19
1777,66,164,20
1778,66,294,21
1779,66,295,22
1780,66,111,23
1781,66,121,24
1782,66,28,25
1783,66,70,26
1784,66,296,27
1785,66,113,28
1786,66,29,29
1787,66,132,30
1788,66,431,31
1789,66,542,32
1790,66,241,33
1791,66,20,34
1792,66,106,35
1793,66,160,36
1794,66,170,37
1795,66,543,38
1796,66,167,39
1797,66,169,40
1798,66,147,41
1799,66,21,42
1800,66,172,43
1801,66,544,44
1802,66,123,45
1803,66,545,46
1804,67,1,1
1805,67,190,2
1806,67,71,3
1807,67,34,4
1808,67,58,5
1809,67,7,6
1810,67,31,7
1811,67,113,8
1812,67,172,9
1813,67,70,10
1814,67,546,11
1815,67,120,12
1816,67,42,13
1817,67,322,14
1818,67,547,15
1819,67,548,16
1820,67,549,17
1821,67,160,18
1822,67,28,19
1823,67,550,20
1824,67,551,21
1825,67,20,22
1826,67,69,23
1827,67,80,24
1828,67,552,25
1829,67,169,26
1830,67,553,27
1831,67,395,28
1832,67,128,29
1833,67,82,30
1834,67,347,31
1835,67,110,32
1836,67,25,33
1837,67,154,34
1838,67,130,35
1839,67,554,36
1840,67,251,37
1841,68,108,1
1842,68,15,2
1843,68,31,3
1844,68,555,4
1845,68,20,5
1846,68,34,6
1847,68,169,7
1848,68,167,8
1849,68,305,9
1850,68,28,10
1851,68,21,11
1852,68,165,12
1853,68,556,13
1854,68,550,14
1855,68,172,15
1856,68,557,16
1857,68,115,17
1858,68,25,18
1859,69,108,1
1860,69,87,2
1861,69,308,3
1862,69,8,4
1863,69,345,5
1864,69,34,6
1865,69,85,7
1866,69,20,8
1867,69,238,9
1868,69,31,10
1869,69,9,11
1870,69,70,12
1871,69,558,13
1872,69,71,14
1873,69,15,15
1874,69,158,16
1875,69,559,17
1876,69,21,18
1877,69,293,19
1878,69,67,20
1879,69,533,21
1880,69,103,22
1881,69,7,23
1882,69,175,24
1883,69,477,25
1884,69,123,26
1885,69,43,27
1886,69,124,28
1887,69,560,29
1888,69,86,30
1889,69,121,31
1890,70,108,1
1891,70,31,2
1892,70,8,3
1893,70,561,4
1894,70,19,5
1895,70,128,6
1896,70,194,7
1897,70,540,8
1898,70,23,9
1899,70,294,10
1900,70,159,11
1901,70,76,12
1902,70,20,13
1903,70,85,14
1904,70,562,15
1905,70,563,16
1906,70,71,17
1907,70,70,18
1908,70,341,19
1909,70,186,20
1910,70,284,21
1911,70,24,22
1912,70,27,23
1913,70,157,24
1914,70,7,25
1915,70,375,26
1916,70,564,27
1917,70,565,28
1918,70,566,29
1919,70,114,30
1920,70,28,31
1921,70,81,32
1922,70,35,33
1923,70,36,34
1924,70,241,35
1925,70,543,36
1926,70,34,37
1927,70,94,38
1928,70,160,39
1929,70,567,40
1930,70,106,41
1931,70,524,42
1932,70,434,43
1933,70,568,44
1934,71,1,1
1935,71,34,2
1936,71,569,3
1937,71,570,4
1938,71,546,5
1939,71,172,6
1940,71,158,7
1941,71,453,8
1942,71,169,9
1943,71,70,10
1944,71,571,11
1945,71,67,12
1946,71,254,13
1947,71,322,14
1948,71,29,15
1949,71,28,16
1950,71,15,17
1951,71,572,18
1952,71,31,19
1953,71,192,20
1954,71,35,21
1955,71,36,22
1956,71,217,23
1957,71,88,24
1958,71,25,25
1959,71,115,26
1960,72,108,1
1961,72,308,2
1962,72,87,3
1963,72,8,4
1964,72,85,5
1965,72,238,6
1966,72,71,7
1967,72,20,8
1968,72,31,9
1969,72,70,10
1970,72,9,11
1971,72,15,12
1972,72,558,13
1973,72,559,14
1974,72,305,15
1975,72,21,16
1976,72,573,17
1977,72,533,18
1978,72,103,19
1979,72,115,20
1980,72,116,21
1981,73,108,1
1982,73,31,2
1983,73,8,3
1984,73,190,4
1985,73,19,5
1986,73,574,6
1987,73,111,7
1988,73,321,8
1989,73,575,9
1990,73,34,10
1991,73,42,11
1992,73,156,12
1993,73,69,13
1994,73,341,14
1995,73,521,15
1996,73,576,16
1997,73,577,17
1998,73,28,18
1999,73,29,19
2000,73,106,20
2001,73,88,21
2002,73,115,22
2003,73,25,23
2004,73,20,24
2005,73,121,25
2006,74,108,1
2007,74,137,2
2008,74,194,3
2009,74,290,4
2010,74,85,5
2011,74,42,6
2012,74,69,7
2013,74,292,8
2014,74,31,9
2015,74,35,10
2016,74,36,11
2017,74,431,12
2018,74,83,13
2019,74,70,14
2020,74,121,15
2021,74,542,16
2022,74,34,17
2023,74,132,18
2024,74,578,19
2025,74,249,20
2026,74,579,21
2027,74,241,22
2028,74,157,23
2029,74,75,24
2030,74,580,25
2031,74,10,26
2032,74,168,27
2033,74,581,28
2034,74,582,29
2035,74,458,30
2036,74,325,31
2037,75,108,1
2038,75,19,2
2039,75,34,3
2040,75,31,4
2041,75,42,5
2042,75,191,6
2043,75,576,7
2044,75,377,8
2045,75,82,9
2046,75,20,10
2047,75,132,11
2048,75,290,12
2049,75,120,13
2050,75,15,14
2051,75,158,15
2052,75,292,16
2053,75,28,17
2054,75,21,18
2055,75,469,19
2056,75,87,20
2057,75,583,21
2058,75,474,22
2059,75,67,23
2060,75,475,24
2061,75,394,25
2062,75,395,26
2063,75,10,27
2064,75,325,28
2065,75,584,29
2066,75,397,30
2067,75,585,31
2068,76,1,1
2069,76,31,2
2070,76,331,3
2071,76,26,4
2072,76,15,5
2073,76,515,6
2074,76,586,7
2075,76,587,8
2076,76,588,9
2077,76,589,10
2078,76,293,11
2079,76,8,12
2080,76,590,13
2081,76,110,14
2082,76,591,15
2083,76,440,16
2084,76,158,17
2085,76,21,18
2086,76,34,19
2087,76,592,20
2088,76,593,21
2089,76,594,22
2090,76,20,23
2091,76,165,24
2092,76,322,25
2093,76,28,26
2094,76,595,27
2095,76,115,28
2096,76,25,29
2097,76,596,30
2098,77,597,1
2099,77,598,2
2100,77,137,3
2101,77,422,4
2102,77,520,5
2103,77,599,6
2104,77,20,7
2105,77,19,8
2106,77,21,9
2107,77,429,10
2108,77,600,11
2109,77,106,12
2110,77,31,13
2111,77,7,14
2112,77,108,15
2113,77,67,16
2114,77,94,17
2115,77,123,18
2116,77,124,19
2117,77,434,20
2118,77,432,21
2119,77,539,22
2120,78,158,1
2121,78,71,2
2122,78,70,3
2123,78,601,4
2124,78,602,5
2125,78,108,6
2126,78,128,7
2127,78,154,8
2128,78,85,9
2129,78,34,10
2130,78,129,11
2131,78,161,12
2132,78,20,13
2133,78,155,14
2134,78,8,15
2135,78,23,16
2136,78,121,17
2137,78,31,18
2138,78,15,19
2139,78,14,20
2140,78,24,21
2141,78,157,22
2142,78,110,23
2143,78,28,24
2144,78,171,25
2145,78,325,26
2146,78,170,27
2147,78,160,28
2148,78,115,29
2149,78,25,30
2150,78,251,31
2151,79,108,1
2152,79,570,2
2153,79,87,3
2154,79,8,4
2155,79,603,5
2156,79,31,6
2157,79,85,7
2158,79,238,8
2159,79,15,9
2160,79,20,10
2161,79,71,11
2162,79,9,12
2163,79,70,13
2164,79,558,14
2165,79,559,15
2166,79,28,16
2167,79,21,17
2168,79,533,18
2169,79,34,19
2170,79,106,20
2171,79,458,21
2172,80,604,1
2173,80,605,2
2174,80,606,3
2175,80,607,4
2176,80,514,5
2177,80,608,6
2178,80,609,7
2179,80,610,8
2180,80,58,9
2181,80,611,10
2182,80,515,11
2183,80,612,12
2184,80,453,13
2185,80,613,14
2186,80,322,15
2187,80,614,16
2188,80,28,17
2189,80,615,18
2190,80,616,19
2191,80,25,20
2192,80,617,21
2193,81,1,1
2194,81,31,2
2195,81,34,3
2196,81,71,4
2197,81,140,5
2198,81,222,6
2199,81,35,7
2200,81,36,8
2201,81,27,9
2202,81,143,10
2203,81,618,11
2204,81,81,12
2205,81,352,13
2206,81,120,14
2207,81,619,15
2208,81,620,16
2209,81,67,17
2210,81,621,18
2211,81,70,19
2212,81,622,20
2213,81,227,21
2214,81,228,22
2215,81,623,23
2216,81,230,24
2217,81,10,25
2218,81,624,26
2219,81,460,27
2220,81,20,28
2221,81,625,29
2222,81,356,30
2223,81,325,31
2224,81,336,32
2225,81,249,33
2226,81,69,34
2227,81,123,35
2228,81,121,36
2229,81,21,37
2230,81,61,38
2231,81,285,39
2232,81,62,40
2233,81,284,41
2234,81,43,42
2235,81,288,43
2236,81,626,44
2237,81,627,45
2238,81,6,46
2239,81,144,47
2240,81,628,48
2241,82,108,1
2242,82,515,2
2243,82,331,3
2244,82,15,4
2245,82,529,5
2246,82,453,6
2247,82,345,7
2248,82,629,8
2249,82,514,9
2250,82,630,10
2251,82,555,11
2252,82,158,12
2253,82,322,13
2254,82,106,14
2255,82,120,15
2256,82,70,16
2257,82,28,17
2258,83,108,1
2259,83,631,2
2260,83,331,3
2261,83,85,4
2262,83,31,5
2263,83,305,6
2264,83,632,7
2265,83,83,8
2266,83,593,9
2267,83,503,10
2268,83,121,11
2269,83,158,12
2270,83,633,13
2271,83,70,14
2272,83,634,15
2273,83,635,16
2274,83,106,17
2275,83,88,18
2276,84,108,1
2277,84,308,2
2278,84,87,3
2279,84,8,4
2280,84,85,5
2281,84,238,6
2282,84,71,7
2283,84,20,8
2284,84,31,9
2285,84,70,10
2286,84,9,11
2287,84,15,12
2288,84,558,13
2289,84,452,14
2290,84,559,15
2291,84,305,16
2292,84,21,17
2293,84,573,18
2294,84,533,19
2295,84,103,20
2296,84,115,21
2297,84,25,22
2298,85,108,1
2299,85,8,2
2300,85,31,3
2301,85,19,4
2302,85,176,5
2303,85,34,6
2304,85,76,7
2305,85,367,8
2306,85,636,9
2307,85,195,10
2308,85,489,11
2309,85,637,12
2310,85,43,13
2311,85,61,14
2312,85,162,15
2313,85,638,16
2314,85,141,17
2315,85,548,18
2316,85,70,19
2317,85,69,20
2318,85,423,21
2319,85,85,22
2320,85,164,23
2321,85,121,24
2322,85,551,25
2323,85,7,26
2324,85,172,27
2325,85,28,28
2326,85,111,29
2327,85,113,30
2328,85,477,31
2329,85,123,32
2330,85,124,33
2331,85,157,34
2332,85,20,35
2333,85,35,36
2334,85,402,37
2335,86,108,1
2336,86,31,2
2337,86,515,3
2338,86,331,4
2339,86,15,5
2340,86,514,6
2341,86,58,7
2342,86,345,8
2343,86,20,9
2344,86,529,10
2345,86,453,11
2346,86,88,12
2347,86,29,13
2348,86,121,14
2349,86,577,15
2350,86,639,16
2351,86,28,17
2352,86,118,18
2353,86,165,19
2354,86,640,20
2355,86,246,21
2356,86,94,22
2357,87,108,1
2358,87,128,2
2359,87,129,3
2360,87,154,4
2361,87,156,5
2362,87,19,6
2363,87,159,7
2364,87,161,8
2365,87,20,9
2366,87,162,10
2367,87,163,11
2368,87,34,12
2369,87,141,13
2370,87,121,14
2371,87,70,15
2372,87,31,16
2373,87,164,17
2374,87,106,18
2375,87,166,19
2376,87,81,20
2377,87,85,21
2378,87,28,22
2379,87,14,23
2380,87,160,24
2381,87,167,25
2382,87,67,26
2383,87,168,27
2384,87,169,28
2385,87,170,29
2386,87,171,30
2387,87,21,31
2388,87,172,32
2389,87,126,33
2390,87,173,34
2391,88,108,1
2392,88,137,2
2393,88,194,3
2394,88,85,4
2395,88,541,5
2396,88,641,6
2397,88,142,7
2398,88,537,8
2399,88,178,9
2400,88,578,10
2401,88,42,11
2402,88,69,12
2403,88,31,13
2404,88,70,14
2405,88,642,15
2406,88,241,16
2407,88,20,17
2408,88,171,18
2409,88,336,19
2410,88,170,20
2411,88,325,21
2412,88,134,22
2413,88,35,23
2414,88,36,24
2415,88,162,25
2416,88,34,26
2417,88,431,27
2418,88,83,28
2419,88,542,29
2420,88,141,30
2421,88,121,31
2422,88,164,32
2423,89,108,1
2424,89,128,2
2425,89,8,3
2426,89,154,4
2427,89,423,5
2428,89,129,6
2429,89,302,7
2430,89,20,8
2431,89,27,9
2432,89,157,10
2433,89,34,11
2434,89,461,12
2435,89,121,13
2436,89,70,14
2437,89,81,15
2438,89,28,16
2439,89,106,17
2440,89,14,18
2441,89,31,19
2442,89,160,20
2443,89,10,21
2444,89,643,22
2445,89,470,23
2446,89,88,24
2447,89,105,25
2448,89,644,26
2449,89,645,27
2450,89,646,28
2451,89,647,29
2452,89,395,30
2453,89,648,31
2454,90,108,1
2455,90,15,2
2456,90,178,3
2457,90,501,4
2458,90,85,5
2459,90,243,6
2460,90,281,7
2461,90,20,8
2462,90,121,9
2463,90,70,10
2464,90,502,11
2465,90,503,12
2466,90,504,13
2467,90,81,14
2468,90,28,15
2469,90,106,16
2470,90,31,17
2471,90,167,18
2472,90,169,19
2473,90,521,20
2474,90,172,21
2475,90,88,22
2476,90,115,23
2477,90,116,24
2478,91,108,1
2479,91,588,2
2480,91,31,3
2481,91,34,4
2482,91,293,5
2483,91,26,6
2484,91,17,7
2485,91,586,8
2486,91,630,9
2487,91,345,10
2488,91,452,11
2489,91,407,12
2490,91,649,13
2491,91,8,14
2492,91,152,15
2493,91,20,16
2494,91,106,17
2495,91,71,18
2496,91,594,19
2497,91,21,20
2498,91,28,21
2499,91,573,22
2500,91,110,23
2501,91,115,24
2502,91,25,25
2503,91,650,26
2504,92,108,1
2505,92,34,2
2506,92,8,3
2507,92,190,4
2508,92,31,5
2509,92,178,6
2510,92,161,7
2511,92,20,8
2512,92,69,9
2513,92,19,10
2514,92,121,11
2515,92,651,12
2516,92,172,13
2517,92,28,14
2518,92,294,15
2519,92,106,16
2520,92,652,17
2521,93,1,1
2522,93,128,2
2523,93,31,3
2524,93,540,4
2525,93,15,5
2526,93,129,6
2527,93,190,7
2528,93,428,8
2529,93,290,9
2530,93,19,10
2531,93,323,11
2532,93,7,12
2533,93,653,13
2534,93,654,14
2535,93,422,15
2536,93,17,16
2537,93,20,17
2538,93,292,18
2539,93,492,19
2540,93,81,20
2541,93,377,21
2542,93,542,22
2543,93,547,23
2544,93,143,24
2545,93,120,25
2546,93,346,26
2547,93,70,27
2548,93,655,28
2549,93,135,29
2550,93,656,30
2551,93,165,31
2552,93,69,32
2553,93,80,33
2554,93,600,34
2555,93,429,35
2556,93,657,36
2557,93,28,37
2558,93,38,38
2559,93,154,39
2560,93,572,40
2561,93,658,41
2562,93,314,42
2563,93,659,43
2564,93,34,44
2565,93,455,45
2566,93,85,46
2567,93,518,47
2568,93,119,48
2569,93,660,49
2570,93,661,50
2571,93,459,51
2572,93,35,52
2573,93,36,53
2574,93,662,54
2575,93,663,55
2576,93,664,56
2577,93,665,57
2578,93,254,58
2579,93,125,59
2580,93,249,60
2581,93,65,61
2582,93,21,62
2583,93,66,63
2584,93,666,64
2585,94,108,1
2586,94,163,2
2587,94,8,3
2588,94,176,4
2589,94,20,5
2590,94,34,6
2591,94,71,7
2592,94,15,8
2593,94,70,9
2594,94,305,10
2595,94,28,11
2596,94,21,12
2597,94,67,13
2598,94,115,14
2599,94,25,15
2600,94,632,16
2601,94,667,17
2602,94,31,18
2603,94,668,19
2604,95,588,1
2605,95,31,2
2606,95,108,3
2607,95,15,4
2608,95,293,5
2609,95,26,6
2610,95,669,7
2611,95,586,8
2612,95,17,9
2613,95,345,10
2614,95,670,11
2615,95,671,12
2616,95,106,13
2617,95,8,14
2618,95,20,15
2619,95,21,16
2620,95,166,17
2621,95,71,18
2622,95,132,19
2623,95,28,20
2624,95,407,21
2625,95,25,22
2626,95,34,23
2627,95,201,24
2628,95,672,25
2629,95,673,26
2630,95,115,27
2631,95,674,28
2632,95,14,29
2633,95,675,30
2634,96,1,1
2635,96,137,2
2636,96,422,3
2637,96,31,4
2638,96,42,5
2639,96,676,6
2640,96,677,7
2641,96,407,8
2642,96,85,9
2643,96,547,10
2644,96,61,11
2645,96,4,12
2646,96,121,13
2647,96,82,14
2648,96,359,15
2649,96,20,16
2650,96,70,17
2651,96,71,18
2652,96,678,19
2653,96,358,20
2654,96,293,21
2655,97,108,1
2656,97,31,2
2657,97,193,3
2658,97,14,4
2659,97,679,5
2660,97,680,6
2661,97,81,7
2662,97,681,8
2663,97,169,9
2664,97,88,10
2665,97,106,11
2666,97,20,12
2667,97,682,13
2668,97,683,14
2669,98,108,1
2670,98,8,2
2671,98,152,3
2672,98,34,4
2673,98,85,5
2674,98,20,6
2675,98,83,7
2676,98,240,8
2677,98,202,9
2678,98,28,10
2679,98,21,11
2680,98,114,12
2681,98,61,13
2682,98,684,14
2683,99,108,1
2684,99,685,2
2685,99,515,3
2686,99,529,4
2687,99,31,5
2688,99,331,6
2689,99,630,7
2690,99,208,8
2691,99,120,9
2692,99,27,10
2693,99,88,11
2694,99,20,12
2695,99,106,13
2696,99,8,14
2697,99,453,15
2698,99,21,16
2699,99,15,17
2700,99,686,18
2701,100,108,1
2702,100,128,2
2703,100,8,3
2704,100,154,4
2705,100,155,5
2706,100,20,6
2707,100,23,7
2708,100,85,8
2709,100,34,9
2710,100,129,10
2711,100,27,11
2712,100,24,12
2713,100,156,13
2714,100,157,14
2715,100,70,15
2716,100,71,16
2717,100,158,17
2718,100,81,18
2719,100,114,19
2720,100,159,20
2721,100,103,21
2722,100,14,22
2723,100,687,23
2724,101,108,1
2725,101,166,2
2726,101,688,3
2727,101,689,4
2728,101,31,5
2729,101,422,6
2730,101,202,7
2731,101,690,8
2732,101,82,9
2733,101,322,10
2734,101,691,11
2735,101,106,12
2736,101,692,13
2737,101,34,14
2738,101,632,15
2739,101,693,16
2740,101,75,17
2741,101,15,18
2742,101,305,19
2743,101,115,20
2744,101,25,21
2745,101,573,22
2746,101,80,23
2747,101,539,24
2748,102,108,1
2749,102,694,2
2750,102,85,3
2751,102,8,4
2752,102,176,5
2753,102,175,6
2754,102,158,7
2755,102,81,8
2756,102,35,9
2757,102,36,10
2758,102,157,11
2759,102,695,12
2760,102,121,13
2761,102,70,14
2762,102,83,15
2763,102,696,16
2764,102,103,17
2765,102,697,18
2766,102,217,19
2767,102,61,20
2768,102,560,21
2769,102,20,22
2770,102,167,23
2771,102,169,24
2772,102,396,25
2773,102,86,26
2774,102,172,27
2775,102,115,28
2776,102,116,29
2777,103,1,1
2778,103,120,2
2779,103,253,3
2780,103,169,4
2781,103,20,5
2782,103,167,6
2783,103,8,7
2784,103,165,8
2785,103,21,9
2786,103,15,10
2787,103,172,11
2788,103,80,12
2789,103,573,13
2790,103,31,14
2791,103,110,15
2792,103,115,16
2793,103,116,17
2794,104,1,1
2795,104,510,2
2796,104,26,3
2797,104,76,4
2798,104,120,5
2799,104,698,6
2800,104,511,7
2801,104,165,8
2802,104,512,9
2803,104,135,10
2804,104,15,11
2805,104,366,12
2806,104,160,13
2807,104,251,14
2808,105,108,1
2809,105,314,2
2810,105,163,3
2811,105,8,4
2812,105,699,5
2813,105,501,6
2814,105,700,7
2815,105,701,8
2816,105,281,9
2817,105,31,10
2818,105,118,11
2819,105,70,12
2820,105,64,13
2821,105,366,14
2822,105,398,15
2823,105,702,16
2824,105,197,17
2825,105,703,18
2826,105,198,19
2827,105,502,20
2828,105,503,21
2829,105,110,22
2830,105,504,23
2831,105,202,24
2832,105,458,25
2833,105,34,26
2834,105,15,27
2835,105,704,28
2836,105,94,29
2837,105,705,30
2838,105,88,31
2839,105,246,32
2840,105,143,33
2841,105,293,34
2842,105,106,35
2843,105,400,36
2844,106,1,1
2845,106,190,2
2846,106,128,3
2847,106,34,4
2848,106,706,5
2849,106,426,6
2850,106,134,7
2851,106,31,8
2852,106,707,9
2853,106,708,10
2854,106,430,11
2855,106,428,12
2856,106,453,13
2857,106,427,14
2858,106,85,15
2859,106,709,16
2860,106,135,17
2861,106,137,18
2862,106,542,19
2863,106,710,20
2864,106,20,21
2865,106,711,22
2866,106,712,23
2867,106,429,24
2868,106,713,25
2869,106,714,26
2870,106,431,27
2871,106,26,28
2872,106,715,29
2873,106,241,30
2874,106,716,31
2875,106,58,32
2876,106,546,33
2877,106,321,34
2878,106,132,35
2879,106,348,36
2880,106,717,37
2881,106,61,38
2882,106,524,39
2883,106,434,40
2884,106,432,41
2885,106,539,42
2886,107,588,1
2887,107,31,2
2888,107,1,3
2889,107,15,4
2890,107,293,5
2891,107,26,6
2892,107,669,7
2893,107,586,8
2894,107,17,9
2895,107,345,10
2896,107,452,11
2897,107,8,12
2898,107,132,13
2899,107,20,14
2900,107,165,15
2901,107,70,16
2902,107,166,17
2903,107,71,18
2904,107,28,19
2905,107,21,20
2906,107,407,21
2907,107,34,22
2908,107,110,23
2909,107,25,24
2910,107,458,25
2911,107,718,26
2912,107,719,27
2913,107,57,28
2914,107,51,29
2915,107,53,30
2916,107,720,31
2917,108,108,1
2918,108,138,2
2919,108,178,3
2920,108,163,4
2921,108,85,5
2922,108,15,6
2923,108,19,7
2924,108,305,8
2925,108,176,9
2926,108,20,10
2927,108,161,11
2928,108,721,12
2929,108,121,13
2930,108,149,14
2931,108,186,15
2932,108,70,16
2933,108,81,17
2934,108,28,18
2935,108,294,19
2936,108,61,20
2937,108,722,21
2938,108,31,22
2939,108,723,23
2940,108,115,24
2941,108,25,25
2942,108,167,26
2943,108,35,27
2944,108,36,28
2945,108,106,29
2946,108,169,30
2947,108,724,31
2948,109,1,1
2949,109,8,2
2950,109,163,3
2951,109,34,4
2952,109,85,5
2953,109,113,6
2954,109,35,7
2955,109,36,8
2956,109,70,9
2957,109,71,10
2958,109,157,11
2959,109,161,12
2960,109,121,13
2961,109,533,14
2962,109,241,15
2963,109,28,16
2964,109,67,17
2965,109,20,18
2966,109,249,19
2967,109,467,20
2968,109,111,21
2969,109,77,22
2970,109,158,23
2971,109,86,24
2972,109,725,25
2973,109,29,26
2974,109,15,27
2975,109,726,28
2976,109,727,29
2977,110,108,1
2978,110,190,2
2979,110,728,3
2980,110,137,4
2981,110,729,5
2982,110,178,6
2983,110,294,7
2984,110,730,8
2985,110,19,9
2986,110,85,10
2987,110,156,11
2988,110,731,12
2989,110,453,13
2990,110,430,14
2991,110,424,15
2992,110,118,16
2993,110,431,17
2994,110,460,18
2995,110,69,19
2996,110,712,20
2997,110,35,21
2998,110,36,22
2999,110,710,23
3000,110,24,24
3001,110,132,25
3002,110,422,26
3003,110,241,27
3004,110,103,28
3005,110,20,29
3006,110,88,30
3007,110,246,31
3008,110,171,32
3009,111,108,1
3010,111,85,2
3011,111,128,3
3012,111,154,4
3013,111,156,5
3014,111,34,6
3015,111,129,7
3016,111,161,8
3017,111,8,9
3018,111,35,10
3019,111,36,11
3020,111,159,12
3021,111,23,13
3022,111,71,14
3023,111,31,15
3024,111,70,16
3025,111,121,17
3026,111,15,18
3027,111,158,19
3028,111,81,20
3029,111,28,21
3030,111,14,22
3031,111,24,23
3032,111,241,24
3033,111,110,25
3034,111,157,26
3035,111,20,27
3036,111,171,28
3037,111,231,29
3038,111,170,30
3039,111,160,31
3040,111,115,32
3041,111,25,33
3042,111,251,34
3043,112,108,1
3044,112,128,2
3045,112,8,3
3046,112,732,4
3047,112,15,5
3048,112,441,6
3049,112,154,7
3050,112,733,8
3051,112,190,9
3052,112,19,10
3053,112,71,11
3054,112,734,12
3055,112,735,13
3056,112,70,14
3057,112,583,15
3058,112,254,16
3059,112,511,17
3060,112,512,18
3061,112,80,19
3062,112,28,20
3063,112,106,21
3064,112,294,22
3065,112,110,23
3066,112,33,24
3067,112,736,25
3068,112,25,26
3069,112,115,27
3070,112,737,28
3071,113,1,1
3072,113,85,2
3073,113,128,3
3074,113,154,4
3075,113,156,5
3076,113,34,6
3077,113,129,7
3078,113,161,8
3079,113,8,9
3080,113,35,10
3081,113,36,11
3082,113,159,12
3083,113,23,13
3084,113,71,14
3085,113,31,15
3086,113,70,16
3087,113,121,17
3088,113,15,18
3089,113,158,19
3090,113,81,20
3091,113,28,21
3092,113,14,22
3093,113,24,23
3094,113,241,24
3095,113,110,25
3096,113,157,26
3097,113,20,27
3098,113,171,28
3099,113,231,29
3100,113,170,30
3101,113,160,31
3102,113,115,32
3103,113,25,33
3104,113,88,34
3105,114,1,1
3106,114,31,2
3107,114,8,3
3108,114,7,4
3109,114,34,5
3110,114,20,6
3111,114,71,7
3112,114,27,8
3113,114,121,9
3114,114,311,10
3115,114,70,11
3116,114,58,12
3117,114,120,13
3118,114,61,14
3119,114,103,15
3120,114,67,16
3121,114,395,17
3122,114,325,18
3123,114,394,19
3124,114,110,20
3125,114,397,21
3126,114,398,22
3127,115,108,1
3128,115,537,2
3129,115,31,3
3130,115,738,4
3131,115,34,5
3132,115,321,6
3133,115,178,7
3134,115,161,8
3135,115,19,9
3136,115,118,10
3137,115,69,11
3138,115,20,12
3139,115,77,13
3140,115,61,14
3141,115,284,15
3142,115,30,16
3143,115,64,17
3144,115,285,18
3145,115,287,19
3146,115,62,20
3147,115,63,21
3148,115,739,22
3149,115,639,23
3150,115,111,24
3151,115,113,25
3152,115,651,26
3153,115,294,27
3154,115,295,28
3155,115,28,29
3156,115,172,30
3157,115,296,31
3158,115,121,32
3159,115,29,33
3160,115,132,34
3161,115,80,35
3162,115,293,36
3163,115,106,37
3164,115,640,38
3165,115,85,39
3166,115,88,40
3167,115,246,41
3168,115,86,42
3169,115,740,43
3170,115,21,44
3171,115,741,45
3172,115,94,46
3173,115,167,47
3174,115,169,48
3175,115,259,49
3176,115,742,50
3177,116,108,1
3178,116,8,2
3179,116,743,3
3180,116,31,4
3181,116,34,5
3182,116,161,6
3183,116,19,7
3184,116,20,8
3185,116,113,9
3186,116,111,10
3187,116,294,11
3188,116,295,12
3189,116,80,13
3190,116,296,14
3191,116,121,15
3192,116,29,16
3193,116,132,17
3194,116,70,18
3195,116,293,19
3196,116,106,20
3197,116,458,21
3198,116,167,22
3199,116,169,23
3200,116,110,24
3201,116,665,25
3202,116,15,26
3203,116,744,27
3204,116,21,28
3205,116,88,29
3206,116,126,30
3207,116,742,31
3208,117,108,1
3209,117,128,2
3210,117,8,3
3211,117,138,4
3212,117,61,5
3213,117,745,6
3214,117,20,7
3215,117,194,8
3216,117,23,9
3217,117,159,10
3218,117,540,11
3219,117,85,12
3220,117,27,13
3221,117,24,14
3222,117,157,15
3223,117,156,16
3224,117,31,17
3225,117,154,18
3226,117,70,19
3227,117,7,20
3228,117,375,21
3229,117,564,22
3230,117,565,23
3231,117,566,24
3232,117,81,25
3233,117,114,26
3234,117,103,27
3235,117,106,28
3236,117,88,29
3237,117,160,30
3238,117,25,31
3239,117,746,32
3240,118,108,1
3241,118,31,2
3242,118,331,3
3243,118,515,4
3244,118,345,5
3245,118,453,6
3246,118,58,7
3247,118,25,8
3248,118,27,9
3249,118,71,10
3250,118,649,11
3251,118,34,12
3252,118,70,13
3253,118,15,14
3254,118,28,15
3255,118,305,16
3256,118,577,17
3257,118,88,18
3258,118,67,19
3259,118,115,20
3260,119,1,1
3261,119,31,2
3262,119,34,3
3263,119,578,4
3264,119,35,5
3265,119,36,6
3266,119,71,7
3267,119,747,8
3268,119,123,9
3269,119,7,10
3270,119,651,11
3271,119,679,12
3272,119,42,13
3273,119,492,14
3274,119,748,15
3275,119,145,16
3276,119,749,17
3277,119,551,18
3278,119,21,19
3279,119,70,20
3280,119,273,21
3281,119,28,22
3282,119,347,23
3283,119,338,24
3284,119,657,25
3285,119,538,26
3286,119,750,27
3287,119,751,28
3288,119,397,29
3289,119,752,30
3290,119,753,31
3291,119,754,32
3292,119,755,33
3293,120,1,1
3294,120,341,2
3295,120,34,3
3296,120,31,4
3297,120,257,5
3298,120,20,6
3299,120,121,7
3300,120,650,8
3301,120,28,9
3302,121,756,1
3303,121,757,2
3304,121,758,3
3305,121,759,4
3306,121,101,5
3307,121,100,6
3308,121,760,7
3309,121,761,8
3310,121,762,9
3311,121,763,10
3312,121,764,11
3313,121,231,12
3314,121,765,13
3315,121,94,14
3316,121,366,15
3317,121,766,16
3318,121,767,17
3319,121,768,18
3320,121,769,19
3321,121,770,20
3322,121,771,21
3323,121,772,22
3324,121,773,23
3325,122,108,1
3326,122,31,2
3327,122,145,3
3328,122,774,4
3329,122,121,5
3330,122,38,6
3331,122,775,7
3332,122,237,8
3333,122,76,9
3334,122,83,10
3335,122,776,11
3336,122,124,12
3337,122,43,13
3338,122,144,14
3339,122,626,15
3340,122,288,16
3341,122,6,17
3342,122,777,18
3343,122,778,19
3344,122,238,20
3345,122,779,21
3346,122,236,22
3347,122,115,23
3348,122,25,24
3349,122,88,25
3350,122,596,26
3351,123,108,1
3352,123,780,2
3353,123,31,3
3354,123,781,4
3355,123,178,5
3356,123,34,6
3357,123,8,7
3358,123,782,8
3359,123,34,9
3360,123,783,10
3361,123,20,11
3362,123,70,12
3363,123,121,13
3364,123,28,14
3365,123,330,15
3366,124,1,1
3367,124,784,2
3368,124,31,3
3369,124,34,4
3370,124,178,5
3371,124,783,6
3372,124,20,7
3373,124,785,8
3374,124,35,9
3375,124,36,10
3376,124,121,11
3377,124,28,12
3378,124,786,13
3379,125,787,1
3380,125,540,2
3381,125,788,3
3382,125,133,4
3383,125,789,5
3384,125,113,6
3385,125,31,7
3386,125,8,8
3387,125,85,9
3388,125,790,10
3389,125,322,11
3390,125,20,12
3391,125,141,13
3392,125,791,14
3393,125,792,15
3394,125,30,16
3395,125,70,17
3396,125,405,18
3397,125,793,19
3398,126,1,1
3399,126,7,2
3400,126,341,3
3401,126,31,4
3402,126,794,5
3403,126,795,6
3404,126,111,7
3405,126,459,8
3406,126,38,9
3407,126,42,10
3408,126,85,11
3409,126,35,12
3410,126,36,13
3411,126,15,14
3412,126,796,15
3413,126,227,16
3414,126,29,17
3415,126,387,18
3416,126,145,19
3417,126,123,20
3418,126,124,21
3419,126,160,22
3420,126,80,23
3421,126,390,24
3422,126,391,25
3423,126,797,26
3424,127,108,1
3425,127,31,2
3426,127,510,3
3427,127,798,4
3428,127,8,5
3429,127,799,6
3430,127,375,7
3431,127,76,8
3432,127,71,9
3433,127,800,10
3434,127,113,11
3435,127,20,12
3436,127,293,13
3437,127,80,14
3438,127,801,15
3439,127,28,16
3440,127,802,17
3441,127,803,18
3442,127,26,19
3443,127,804,20
3444,127,69,21
3445,127,88,22
3446,127,805,23
3447,127,546,24
3448,127,254,25
3449,127,59,26
3450,127,806,27
3451,127,807,28
3452,127,453,29
3453,127,808,30
3454,128,108,1
3455,128,809,2
3456,128,302,3
3457,128,810,4
3458,128,811,5
3459,128,160,6
3460,128,156,7
3461,128,154,8
3462,128,128,9
3463,128,129,10
3464,128,194,11
3465,128,200,12
3466,128,85,13
3467,128,812,14
3468,128,8,15
3469,128,813,16
3470,128,565,17
3471,128,345,18
3472,128,15,19
3473,128,81,20
3474,128,120,21
3475,128,789,22
3476,128,394,23
3477,128,814,24
3478,128,60,25
3479,128,732,26
3480,128,815,27
3481,128,370,28
3482,128,816,29
3483,128,817,30
3484,128,555,31
3485,128,19,32
3486,128,67,33
3487,128,397,34
3488,128,110,35
3489,128,325,36
3490,128,398,37
3491,128,395,38
3492,128,34,39
3493,128,593,40
3494,128,818,41
3495,128,819,42
3496,128,820,43
3497,128,28,44
3498,128,20,45
3499,128,115,46
3500,128,511,47
3501,128,821,48
3502,129,1,1
3503,129,331,2
3504,129,31,3
3505,129,822,4
3506,129,298,5
3507,129,453,6
3508,129,594,7
3509,129,8,8
3510,129,300,9
3511,129,172,10
3512,129,88,11
3513,129,823,12
3514,129,824,13
3515,129,81,14
3516,129,111,15
3517,129,118,16
3518,129,34,17
3519,129,25,18
3520,129,305,19
3521,129,825,20
3522,129,28,21
3523,129,330,22
3524,129,826,23
3525,129,115,24
3526,129,61,25
3527,129,827,26
3528,129,102,27
3529,129,246,28
3530,129,828,29
3531,129,829,30
3532,130,830,1
3533,130,108,2
3534,130,831,3
3535,130,832,4
3536,130,31,5
3537,130,15,6
3538,130,833,7
3539,130,834,8
3540,130,835,9
3541,130,783,10
3542,130,836,11
3543,131,1,1
3544,131,31,2
3545,131,253,3
3546,131,34,4
3547,131,15,5
3548,131,243,6
3549,131,837,7
3550,131,632,8
3551,131,8,9
3552,131,397,10
3553,131,388,11
3554,131,503,12
3555,131,158,13
3556,131,504,14
3557,131,635,15
3558,131,838,16
3559,131,255,17
3560,131,256,18
3561,131,81,19
3562,131,103,20
3563,131,839,21
3564,131,840,22
3565,132,108,1
3566,132,175,2
3567,132,819,3
3568,132,111,4
3569,132,841,5
3570,132,35,6
3571,132,36,7
3572,132,86,8
3573,132,80,9
3574,132,842,10
3575,132,82,11
3576,132,345,12
3577,132,143,13
3578,132,843,14
3579,132,844,15
3580,132,845,16
3581,132,524,17
3582,132,846,18
3583,132,88,19
3584,132,847,20
3585,132,520,21
3586,132,15,22
3587,132,848,23
3588,132,81,24
3589,132,849,25
3590,132,755,26
3591,133,850,1
3592,133,31,2
3593,133,298,3
3594,133,453,4
3595,133,669,5
3596,133,631,6
3597,133,88,7
3598,133,17,8
3599,133,463,9
3600,133,20,10
3601,133,143,11
3602,133,166,12
3603,133,301,13
3604,133,86,14
3605,133,514,15
3606,133,141,16
3607,133,851,17
3608,133,38,18
3609,133,495,19
3610,133,852,20
3611,134,305,1
3612,134,85,2
3613,134,222,3
3614,134,191,4
3615,134,31,5
3616,134,749,6
3617,134,8,7
3618,134,35,8
3619,134,36,9
3620,134,23,10
3621,134,24,11
3622,134,145,12
3623,134,71,13
3624,134,61,14
3625,134,186,15
3626,134,70,16
3627,134,113,17
3628,134,81,18
3629,134,302,19
3630,134,80,20
3631,134,274,21
3632,134,19,22
3633,134,172,23
3634,134,28,24
3635,134,853,25
3636,134,854,26
3637,134,325,27
3638,134,855,28
3639,135,108,1
3640,135,345,2
3641,135,516,3
3642,135,31,4
3643,135,331,5
3644,135,158,6
3645,135,629,7
3646,135,20,8
3647,135,856,9
3648,135,455,10
3649,135,70,11
3650,135,43,12
3651,135,857,13
3652,136,1,1
3653,136,210,2
3654,136,130,3
3655,136,789,4
3656,136,540,5
3657,136,729,6
3658,136,274,7
3659,136,133,8
3660,136,578,9
3661,136,858,10
3662,136,859,11
3663,136,860,12
3664,136,35,13
3665,136,36,14
3666,136,861,15
3667,136,519,16
3668,136,73,17
3669,136,862,18
3670,136,202,19
3671,136,70,20
3672,136,21,21
3673,136,34,22
3674,136,863,23
3675,136,31,24
3676,136,163,25
3677,136,71,26
3678,136,123,27
3679,136,23,28
3680,136,24,29
3681,136,864,30
3682,136,284,31
3683,136,249,32
3684,136,865,33
3685,136,866,34
3686,136,97,35
3687,136,867,36
3688,136,65,37
3689,136,66,38
3690,136,666,39
3691,137,1,1
3692,137,15,2
3693,137,175,3
3694,137,868,4
3695,137,8,5
3696,137,31,6
3697,137,20,7
3698,137,81,8
3699,137,70,9
3700,137,121,10
3701,137,103,11
3702,137,330,12
3703,137,257,13
3704,137,178,14
3705,137,246,15
3706,137,88,16
3707,137,86,17
3708,137,115,18
3709,137,29,19
3710,138,1,1
3711,138,869,2
3712,138,31,3
3713,138,514,4
3714,138,331,5
3715,138,332,6
3716,138,34,7
3717,138,345,8
3718,138,629,9
3719,138,111,10
3720,138,81,11
3721,138,870,12
3722,138,71,13
3723,138,871,14
3724,138,120,15
3725,138,872,16
3726,138,35,17
3727,138,36,18
3728,138,336,19
3729,138,61,20
3730,138,21,21
3731,138,475,22
3732,138,469,23
3733,138,474,24
3734,138,873,25
3735,138,874,26
3736,138,875,27
3737,138,876,28
3738,138,877,29
3739,138,650,30
3740,138,878,31
3741,138,168,32
3742,138,439,33
3743,138,85,34
3744,138,29,35
3745,138,346,36
3746,138,121,37
3747,138,70,38
3748,138,28,39
3749,138,879,40
3750,139,1,1
3751,139,699,2
3752,139,352,3
3753,139,142,4
3754,139,880,5
3755,139,423,6
3756,139,881,7
3757,139,42,8
3758,139,38,9
3759,139,82,10
3760,139,347,11
3761,139,428,12
3762,139,19,13
3763,139,111,14
3764,139,20,15
3765,139,21,16
3766,139,444,17
3767,139,882,18
3768,139,422,19
3769,139,429,20
3770,139,543,21
3771,139,34,22
3772,139,708,23
3773,139,94,24
3774,139,883,25
3775,139,884,26
3776,139,885,27
3777,139,495,28
3778,139,85,29
3779,139,35,30
3780,139,36,31
3781,139,886,32
3782,139,887,33
3783,139,888,34
3784,139,889,35
3785,139,890,36
3786,139,891,37
3787,139,8,38
3788,139,150,39
3789,139,266,40
3790,139,892,41
3791,139,47,42
3792,139,145,43
3793,139,893,44
3794,139,112,45
3795,139,894,46
3796,139,895,47
3797,140,1,1
3798,140,896,2
3799,140,578,3
3800,140,897,4
3801,140,729,5
3802,140,134,6
3803,140,540,7
3804,140,34,8
3805,140,159,9
3806,140,898,10
3807,140,8,11
3808,140,899,12
3809,140,900,13
3810,140,133,14
3811,140,70,15
3812,140,284,16
3813,140,62,17
3814,140,901,18
3815,140,902,19
3816,140,61,20
3817,140,35,21
3818,140,36,22
3819,140,453,23
3820,140,903,24
3821,140,216,25
3822,140,86,26
3823,140,904,27
3824,140,905,28
3825,140,21,29
3826,140,186,30
3827,140,94,31
3828,140,906,32
3829,141,1,1
3830,141,331,2
3831,141,31,3
3832,141,822,4
3833,141,298,5
3834,141,453,6
3835,141,594,7
3836,141,8,8
3837,141,300,9
3838,141,172,10
3839,141,88,11
3840,141,823,12
3841,141,824,13
3842,141,81,14
3843,141,111,15
3844,141,118,16
3845,141,34,17
3846,141,25,18
3847,141,305,19
3848,141,825,20
3849,141,28,21
3850,141,330,22
3851,141,826,23
3852,141,115,24
3853,141,61,25
3854,141,827,26
3855,141,102,27
3856,141,246,28
3857,141,828,29
3858,141,907,30
3859,142,108,1
3860,142,31,2
3861,142,35,3
3862,142,36,4
3863,142,85,5
3864,142,8,6
3865,142,163,7
3866,142,908,8
3867,142,34,9
3868,142,245,10
3869,142,81,11
3870,142,909,12
3871,142,910,13
3872,142,886,14
3873,142,624,15
3874,142,67,16
3875,142,186,17
3876,142,635,18
3877,142,911,19
3878,142,397,20
3879,142,418,21
3880,142,416,22
3881,142,899,23
3882,142,912,24
3883,142,71,25
3884,142,419,26
3885,142,138,27
3886,142,828,28
3887,142,297,29
3888,142,61,30
3889,142,913,31
3890,142,914,32
3891,142,262,33
3892,142,915,34
3893,142,916,35
3894,142,256,36
3895,142,267,37
3896,142,7,38
3897,142,123,39
3898,142,917,40
3899,142,325,41
3900,142,420,42
3901,142,918,43
3902,142,43,44
3903,142,919,45
3904,143,476,1
3905,143,128,2
3906,143,920,3
3907,143,921,4
3908,143,38,5
3909,143,643,6
3910,143,154,7
3911,143,922,8
3912,143,551,9
3913,143,142,10
3914,143,923,11
3915,143,924,12
3916,143,925,13
3917,143,94,14
3918,143,926,15
3919,143,15,16
3920,143,108,17
3921,143,305,18
3922,143,927,19
3923,143,928,20
3924,143,239,21
3925,143,821,22
3926,144,1,1
3927,144,31,2
3928,144,34,3
3929,144,158,4
3930,144,783,5
3931,144,178,6
3932,144,172,7
3933,144,455,8
3934,144,25,9
3935,144,28,10
3936,144,837,11
3937,144,80,12
3938,144,330,13
3939,144,929,14
3940,145,1,1
3941,145,8,2
3942,145,31,3
3943,145,34,4
3944,145,178,5
3945,145,783,6
3946,145,67,7
3947,145,20,8
3948,145,121,9
3949,145,28,10
3950,145,330,11
3951,145,35,12
3952,145,36,13
3953,146,1,1
3954,146,166,2
3955,146,34,3
3956,146,31,4
3957,146,15,5
3958,146,930,6
3959,146,931,7
3960,146,422,8
3961,146,467,9
3962,146,224,10
3963,146,932,11
3964,146,132,12
3965,146,933,13
3966,146,434,14
3967,146,520,15
3968,146,715,16
3969,146,121,17
3970,146,8,18
3971,146,158,19
3972,146,140,20
3973,146,165,21
3974,146,656,22
3975,146,67,23
3976,146,85,24
3977,146,35,25
3978,146,36,26
3979,146,455,27
3980,146,226,28
3981,146,481,29
3982,146,396,30
3983,146,69,31
3984,146,908,32
3985,146,219,33
3986,146,934,34
3987,147,190,1
3988,147,19,2
3989,147,38,3
3990,147,735,4
3991,147,294,5
3992,147,935,6
3993,147,134,7
3994,147,387,8
3995,147,936,9
3996,147,20,10
3997,147,423,11
3998,147,937,12
3999,147,938,13
4000,147,75,14
4001,147,511,15
4002,147,429,16
4003,147,160,17
4004,147,939,18
4005,147,512,19
4006,147,940,20
4007,147,941,21
4008,147,432,22
4009,147,434,23
4010,147,942,24
4011,147,943,25
4012,148,694,1
4013,148,128,2
4014,148,944,3
4015,148,945,4
4016,148,19,5
4017,148,159,6
4018,148,540,7
4019,148,946,8
4020,148,94,9
4021,148,947,10
4022,148,948,11
4023,148,949,12
4024,148,160,13
4025,148,950,14
4026,148,951,15
4027,148,813,16
4028,148,38,17
4029,148,952,18
4030,148,900,19
4031,148,953,20
4032,149,1,1
4033,149,137,2
4034,149,728,3
4035,149,954,4
4036,149,422,5
4037,149,128,6
4038,149,423,7
4039,149,130,8
4040,149,896,9
4041,149,387,10
4042,149,955,11
4043,149,729,12
4044,149,85,13
4045,149,8,14
4046,149,956,15
4047,149,957,16
4048,149,904,17
4049,149,131,18
4050,149,958,19
4051,149,677,20
4052,149,430,21
4053,149,132,22
4054,149,427,23
4055,149,959,24
4056,149,960,25
4057,149,655,26
4058,149,961,27
4059,149,431,28
4060,149,429,29
4061,149,600,30
4062,149,216,31
4063,149,86,32
4064,149,962,33
4065,149,21,34
4066,149,963,35
4067,149,964,36
4068,149,41,37
4069,149,186,38
4070,149,965,39
4071,149,966,40
4072,149,967,41
4073,149,94,42
4074,149,968,43
4075,149,969,44
4076,149,970,45
4077,149,796,46
4078,149,321,47
4079,149,69,48
4080,149,31,49
4081,149,7,50
4082,149,123,51
4083,149,971,52
4084,149,35,53
4085,149,36,54
4086,149,972,55
4087,149,61,56
4088,149,71,57
4089,149,893,58
4090,149,152,59
4091,149,722,60
4092,149,285,61
4093,149,112,62
4094,149,28,63
4095,149,62,64
4096,149,888,65
4097,149,284,66
4098,149,889,67
4099,149,892,68
4100,149,30,69
4101,149,63,70
4102,149,64,71
4103,149,266,72
4104,149,287,73
4105,149,891,74
4106,149,887,75
4107,149,47,76
4108,149,973,77
4109,149,704,78
4110,149,422,79
4111,149,974,80
4112,149,975,81
4113,149,976,82
4114,149,977,83
4115,150,15,1
4116,150,830,2
4117,150,814,3
4118,150,978,4
4119,150,760,5
4120,150,41,6
4121,150,94,7
4122,150,979,8
4123,150,980,9
4124,150,20,10
4125,150,981,11
4126,150,982,12
4127,150,976,13
4128,150,766,14
4129,150,770,15
4130,150,193,16
4131,150,983,17
4132,150,772,18
4133,150,984,19
4134,150,985,20
4135,150,768,21
4136,150,986,22
4137,150,987,23
4138,151,108,1
4139,151,253,2
4140,151,15,3
4141,151,31,4
4142,151,147,5
4143,151,178,6
4144,151,988,7
4145,151,20,8
4146,151,118,9
4147,151,257,10
4148,151,70,11
4149,151,989,12
4150,151,71,13
4151,151,114,14
4152,151,61,15
4153,151,88,16
4154,151,246,17
4155,152,880,1
4156,152,990,2
4157,152,99,3
4158,152,643,4
4159,152,194,5
4160,152,991,6
4161,152,61,7
4162,152,992,8
4163,152,993,9
4164,152,994,10
4165,152,995,11
4166,152,996,12
4167,152,997,13
4168,152,747,14
4169,152,366,15
4170,152,94,16
4171,152,998,17
4172,152,347,18
4173,152,108,19
4174,152,15,20
4175,152,999,21
4176,152,1000,22
4177,152,1001,23
4178,152,1002,24
4179,152,1003,25
4180,152,409,26
4181,153,108,1
4182,153,190,2
4183,153,183,3
4184,153,172,4
4185,153,306,5
4186,153,145,6
4187,153,149,7
4188,153,31,8
4189,153,58,9
4190,153,69,10
4191,153,233,11
4192,153,346,12
4193,153,70,13
4194,153,1004,14
4195,153,43,15
4196,153,6,16
4197,153,288,17
4198,153,234,18
4199,153,124,19
4200,153,283,20
4201,153,489,21
4202,153,379,22
4203,153,1005,23
4204,153,1006,24
4205,153,30,25
4206,153,284,26
4207,153,63,27
4208,153,61,28
4209,153,62,29
4210,153,287,30
4211,153,285,31
4212,153,289,32
4213,153,64,33
4214,153,1007,34
4215,153,20,35
4216,153,1008,36
4217,153,734,37
4218,153,441,38
4219,153,1009,39
4220,153,160,40
4221,153,322,41
4222,153,165,42
4223,153,1010,43
4224,153,1011,44
4225,154,1012,1
4226,154,31,2
4227,154,163,3
4228,154,1013,4
4229,154,352,5
4230,154,757,6
4231,154,651,7
4232,154,314,8
4233,154,1014,9
4234,154,17,10
4235,154,56,11
4236,154,141,12
4237,154,1015,13
4238,154,71,14
4239,154,43,15
4240,154,627,16
4241,154,144,17
4242,154,288,18
4243,154,6,19
4244,154,358,20
4245,154,77,21
4246,154,534,22
4247,154,535,23
4248,154,124,24
4249,154,26,25
4250,154,21,26
4251,154,1016,27
4252,154,1017,28
4253,154,519,29
4254,154,73,30
4255,154,94,31
4256,154,123,32
4257,154,183,33
4258,154,284,34
4259,154,202,35
4260,154,1018,36
4261,154,7,37
4262,154,1019,38
4263,154,1020,39
4264,154,1021,40
4265,154,1022,41
4266,154,302,42
4267,154,143,43
4268,154,274,44
4269,154,35,45
4270,154,1023,46
4271,154,28,47
4272,154,81,48
4273,154,1011,49
4274,155,1,1
4275,155,163,2
4276,155,31,3
4277,155,85,4
4278,155,35,5
4279,155,36,6
4280,155,87,7
4281,155,143,8
4282,155,70,9
4283,155,81,10
4284,155,113,11
4285,155,54,12
4286,155,874,13
4287,155,346,14
4288,155,28,15
4289,155,61,16
4290,155,1024,17
4291,155,34,18
4292,155,1025,19
4293,155,1026,20
4294,156,1027,1
4295,156,108,2
4296,156,1028,3
4297,156,31,4
4298,156,422,5
4299,156,137,6
4300,156,111,7
4301,156,132,8
4302,156,597,9
4303,156,158,10
4304,156,1029,11
4305,156,471,12
4306,156,325,13
4307,156,472,14
4308,156,473,15
4309,156,34,16
4310,156,15,17
4311,156,440,18
4312,156,434,19
4313,156,20,20
4314,156,870,21
4315,156,429,22
4316,156,600,23
4317,156,431,24
4318,156,217,25
4319,156,432,26
4320,156,35,27
4321,156,36,28
4322,156,433,29
4323,156,1030,30
4324,156,1031,31
4325,156,88,32
4326,156,115,33
4327,156,116,34
4328,157,108,1
4329,157,110,2
4330,157,8,3
4331,157,190,4
4332,157,1032,5
4333,157,19,6
4334,157,76,7
4335,157,31,8
4336,157,34,9
4337,157,172,10
4338,157,7,11
4339,157,856,12
4340,157,1033,13
4341,157,17,14
4342,157,20,15
4343,157,43,16
4344,157,61,17
4345,157,845,18
4346,157,88,19
4347,157,114,20
4348,157,1034,21
4349,158,1035,1
4350,158,1036,2
4351,158,896,3
4352,158,445,4
4353,158,85,5
4354,158,1037,6
4355,158,1038,7
4356,158,730,8
4357,158,1039,9
4358,158,1040,10
4359,158,7,11
4360,158,347,12
4361,158,1041,13
4362,158,520,14
4363,158,430,15
4364,158,31,16
4365,158,1042,17
4366,158,1043,18
4367,158,1044,19
4368,158,774,20
4369,158,38,21
4370,158,1045,22
4371,158,99,23
4372,158,79,24
4373,158,1046,25
4374,158,1047,26
4375,158,554,27
4376,158,111,28
4377,158,54,29
4378,158,51,30
4379,158,1048,31
4380,158,1049,32
4381,158,1050,33
4382,158,1051,34
4383,158,1052,35
4384,158,447,36
4385,158,80,37
4386,158,1053,38
4387,158,14,39
4388,158,34,40
4389,158,81,41
4390,158,35,42
4391,158,36,43
4392,158,86,44
4393,158,247,45
4394,158,248,46
4395,158,453,47
4396,158,94,48
4397,158,115,49
4398,158,29,50
4399,158,429,51
4400,158,422,52
4401,158,1054,53
4402,158,434,54
4403,158,1055,55
4404,159,1,1
4405,159,830,2
4406,159,163,3
4407,159,113,4
4408,159,1056,5
4409,159,15,6
4410,159,550,7
4411,159,427,8
4412,159,985,9
4413,159,169,10
4414,159,28,11
4415,159,371,12
4416,159,1057,13
4417,159,307,14
4418,159,1058,15
4419,160,1,1
4420,160,31,2
4421,160,163,3
4422,160,34,4
4423,160,35,5
4424,160,36,6
4425,160,450,7
4426,160,285,8
4427,160,62,9
4428,160,284,10
4429,160,30,11
4430,160,63,12
4431,160,64,13
4432,160,287,14
4433,160,61,15
4434,160,1059,16
4435,160,1060,17
4436,160,1048,18
4437,160,1051,19
4438,160,1061,20
4439,160,720,21
4440,160,53,22
4441,160,1062,23
4442,160,1063,24
4443,160,70,25
4444,160,56,26
4445,160,71,27
4446,160,346,28
4447,160,10,29
4448,160,18,30
4449,160,11,31
4450,160,9,32
4451,160,21,33
4452,160,79,34
4453,160,113,35
4454,160,1064,36
4455,161,1,1
4456,161,128,2
4457,161,695,3
4458,161,1065,4
4459,161,8,5
4460,161,132,6
4461,161,156,7
4462,161,129,8
4463,161,85,9
4464,161,71,10
4465,161,34,11
4466,161,1066,12
4467,161,70,13
4468,161,20,14
4469,161,86,15
4470,161,81,16
4471,161,324,17
4472,161,35,18
4473,161,36,19
4474,161,61,20
4475,161,30,21
4476,161,284,22
4477,161,422,23
4478,161,285,24
4479,161,64,25
4480,161,62,26
4481,161,457,27
4482,161,287,28
4483,161,1067,29
4484,161,26,30
4485,161,775,31
4486,161,76,32
4487,161,776,33
4488,161,43,34
4489,161,124,35
4490,161,144,36
4491,161,21,37
4492,161,288,38
4493,161,6,39
4494,161,1068,40
4495,161,626,41
4496,161,289,42
4497,161,1069,43
4498,161,777,44
4499,161,778,45
4500,161,116,46
4501,162,108,1
4502,162,510,2
4503,162,137,3
4504,162,1070,4
4505,162,921,5
4506,162,898,6
4507,162,961,7
4508,162,1071,8
4509,162,1072,9
4510,162,193,10
4511,162,15,11
4512,162,1073,12
4513,162,165,13
4514,162,1074,14
4515,162,88,15
4516,162,391,16
4517,162,687,17
4518,163,1,1
4519,163,214,2
4520,163,300,3
4521,163,31,4
4522,163,158,5
4523,163,1075,6
4524,163,345,7
4525,163,88,8
4526,163,202,9
4527,163,8,10
4528,163,118,11
4529,163,78,12
4530,163,10,13
4531,163,1076,14
4532,163,29,15
4533,163,25,16
4534,163,115,17
4535,163,81,18
4536,163,166,19
4537,163,846,20
4538,163,1077,21
4539,163,61,22
4540,163,1078,23
4541,164,1,1
4542,164,41,2
4543,164,897,3
4544,164,578,4
4545,164,163,5
4546,164,540,6
4547,164,729,7
4548,164,159,8
4549,164,133,9
4550,164,938,10
4551,164,898,11
4552,164,325,12
4553,164,1079,13
4554,164,905,14
4555,164,453,15
4556,164,904,16
4557,164,86,17
4558,164,35,18
4559,164,36,19
4560,164,34,20
4561,164,1080,21
4562,164,21,22
4563,164,1081,23
4564,165,190,1
4565,165,954,2
4566,165,920,3
4567,165,131,4
4568,165,323,5
4569,165,728,6
4570,165,1041,7
4571,165,1082,8
4572,165,430,9
4573,165,937,10
4574,165,710,11
4575,165,1083,12
4576,165,86,13
4577,165,429,14
4578,165,1084,15
4579,165,1085,16
4580,165,132,17
4581,165,849,18
4582,165,432,19
4583,165,434,20
4584,165,942,21
4585,165,520,22
4586,165,941,23
4587,165,1086,24
4588,165,1087,25
4589,165,1088,26
4590,165,1089,27
4591,165,1090,28
4592,165,1091,29
4593,165,1092,30
4594,165,1093,31
4595,166,1094,1
4596,166,1095,2
4597,166,1096,3
4598,166,128,4
4599,166,955,5
4600,166,130,6
4601,166,154,7
4602,166,643,8
4603,166,20,9
4604,166,106,10
4605,166,80,11
4606,166,21,12
4607,166,160,13
4608,166,366,14
4609,166,1097,15
4610,166,1098,16
4611,166,459,17
4612,166,100,18
4613,166,38,19
4614,166,1099,20
4615,166,101,21
4616,166,1100,22
4617,166,99,23
4618,166,762,24
4619,166,1101,25
4620,166,61,26
4621,166,363,27
4622,166,69,28
4623,166,150,29
4624,166,1102,30
4625,166,94,31
4626,166,1103,32
4627,167,108,1
4628,167,31,2
4629,167,8,3
4630,167,34,4
4631,167,1104,5
4632,167,85,6
4633,167,35,7
4634,167,36,8
4635,167,61,9
4636,167,241,10
4637,167,78,11
4638,167,38,12
4639,167,28,13
4640,167,624,14
4641,167,393,15
4642,168,108,1
4643,168,111,2
4644,168,85,3
4645,168,8,4
4646,168,163,5
4647,168,31,6
4648,168,341,7
4649,168,240,8
4650,168,236,9
4651,168,150,10
4652,168,234,11
4653,168,7,12
4654,168,342,13
4655,168,349,14
4656,168,34,15
4657,168,775,16
4658,168,76,17
4659,168,776,18
4660,168,124,19
4661,168,43,20
4662,168,144,21
4663,168,626,22
4664,168,288,23
4665,168,6,24
4666,168,777,25
4667,168,778,26
4668,168,21,27
4669,168,20,28
4670,168,970,29
4671,168,94,30
4672,168,14,31
4673,168,17,32
4674,168,1105,33
4675,168,88,34
4676,168,1106,35
4677,168,397,36
4678,168,25,37
4679,168,115,38
4680,168,1069,39
4681,168,1107,40
4682,168,270,41
4683,168,125,42
4684,168,219,43
4685,168,15,44
4686,168,1108,45
4687,168,161,46
4688,168,1109,47
4689,168,81,48
4690,168,1110,49
4691,168,1111,50
4692,168,1112,51
4693,168,1113,52
4694,168,86,53
4695,168,216,54
4696,168,247,55
4697,168,367,56
4698,168,38,57
4699,168,239,58
4700,168,80,59
4701,168,257,60
4702,168,1114,61
4703,168,1115,62
4704,168,82,63
4705,168,1116,64
4706,168,1117,65
4707,168,177,66
4708,168,1118,67
4709,169,1,1
4710,169,31,2
4711,169,34,3
4712,169,38,4
4713,169,190,5
4714,169,302,6
4715,169,161,7
4716,169,481,8
4717,169,482,9
4718,169,35,10
4719,169,36,11
4720,169,352,12
4721,169,143,13
4722,169,8,14
4723,169,358,15
4724,169,461,16
4725,169,735,17
4726,169,61,18
4727,169,72,19
4728,169,189,20
4729,169,484,21
4730,169,235,22
4731,169,485,23
4732,169,10,24
4733,169,486,25
4734,169,76,26
4735,169,77,27
4736,169,85,28
4737,169,81,29
4738,169,172,30
4739,169,321,31
4740,169,86,32
4741,169,21,33
4742,169,1119,34
4743,169,489,35
4744,169,1069,36
4745,169,1120,37
4746,170,108,1
4747,170,312,2
4748,170,8,3
4749,170,147,4
4750,170,190,5
4751,170,403,6
4752,170,38,7
4753,170,341,8
4754,170,118,9
4755,170,31,10
4756,170,15,11
4757,170,547,12
4758,170,112,13
4759,170,294,14
4760,170,470,15
4761,170,650,16
4762,170,14,17
4763,170,47,18
4764,170,80,19
4765,170,152,20
4766,170,169,21
4767,170,48,22
4768,170,1121,23
4769,170,440,24
4770,170,34,25
4771,170,632,26
4772,170,88,27
4773,170,105,28
4774,170,644,29
4775,170,645,30
4776,170,646,31
4777,170,647,32
4778,170,395,33
4779,170,1122,34
4780,170,1123,35
4781,170,193,36
4782,170,115,37
4783,170,25,38
4784,170,111,39
4785,170,1124,40
4786,170,1125,41
4787,170,1126,42
4788,170,1127,43
4789,170,1128,44
4790,170,1129,45
4791,170,1114,46
4792,170,239,47
4793,170,342,48
4794,170,349,49
4795,170,163,50
4796,170,20,51
4797,170,21,52
4798,170,501,53
4799,170,146,54
4800,170,35,55
4801,170,36,56
4802,170,110,57
4803,170,775,58
4804,170,76,59
4805,170,776,60
4806,170,124,61
4807,170,43,62
4808,170,144,63
4809,170,626,64
4810,170,288,65
4811,170,6,66
4812,170,777,67
4813,170,778,68
4814,170,970,69
4815,170,94,70
4816,170,17,71
4817,170,1105,72
4818,170,343,73
4819,170,345,74
4820,170,1130,75
4821,170,1131,76
4822,170,113,77
4823,170,803,78
4824,170,54,79
4825,170,415,80
4826,170,256,81
4827,170,1132,82
4828,170,63,83
4829,170,61,84
4830,170,62,85
4831,170,64,86
4832,170,28,87
4833,170,70,88
4834,170,157,89
4835,170,1133,90
4836,170,408,91
4837,170,30,92
4838,170,1134,93
4839,170,1135,94
4840,171,131,1
4841,171,446,2
4842,171,428,3
4843,171,922,4
4844,171,422,5
4845,171,918,6
4846,171,1136,7
4847,171,132,8
4848,171,19,9
4849,171,1137,10
4850,171,699,11
4851,171,430,12
4852,171,520,13
4853,171,1138,14
4854,171,20,15
4855,171,710,16
4856,171,1139,17
4857,171,1140,18
4858,171,1,19
4859,171,366,20
4860,171,1141,21
4861,171,80,22
4862,171,1142,23
4863,171,1030,24
4864,171,31,25
4865,171,1143,26
4866,171,34,27
4867,171,1144,28
4868,171,219,29
4869,171,25,30
4870,171,115,31
4871,171,88,32
4872,171,1145,33
4873,171,1146,34
4874,171,432,35
4875,171,434,36
4876,171,539,37
4877,172,108,1
4878,172,31,2
4879,172,7,3
4880,172,163,4
4881,172,302,5
4882,172,34,6
4883,172,132,7
4884,172,23,8
4885,172,870,9
4886,172,1147,10
4887,172,24,11
4888,172,15,12
4889,172,304,13
4890,172,80,14
4891,172,69,15
4892,172,238,16
4893,172,779,17
4894,172,422,18
4895,172,642,19
4896,172,1148,20
4897,172,88,21
4898,172,236,22
4899,172,20,23
4900,172,113,24
4901,172,121,25
4902,172,1069,26
4903,172,274,27
4904,172,1141,28
4905,172,307,29
4906,172,76,30
4907,172,115,31
4908,172,25,32
4909,172,35,33
4910,172,36,34
4911,172,81,35
4912,172,453,36
4913,172,1149,37
4914,172,256,38
4915,172,258,39
4916,172,259,40
4917,172,1150,41
4918,173,108,1
4919,173,190,2
4920,173,19,3
4921,173,302,4
4922,173,8,5
4923,173,31,6
4924,173,58,7
4925,173,425,8
4926,173,1151,9
4927,173,67,10
4928,173,231,11
4929,173,20,12
4930,173,1152,13
4931,173,113,14
4932,173,441,15
4933,173,120,16
4934,173,733,17
4935,173,734,18
4936,173,61,19
4937,173,103,20
4938,173,1153,21
4939,174,1154,1
4940,174,1155,2
4941,174,80,3
4942,174,150,4
4943,174,161,5
4944,174,1156,6
4945,174,15,7
4946,174,28,8
4947,174,1032,9
4948,174,82,10
4949,174,476,11
4950,174,1157,12
4951,174,1158,13
4952,174,1159,14
4953,174,1160,15
4954,174,810,16
4955,174,511,17
4956,174,939,18
4957,174,512,19
4958,174,1161,20
4959,174,20,21
4960,174,736,22
4961,174,190,23
4962,174,813,24
4963,174,106,25
4964,174,1162,26
4965,175,108,1
4966,175,1163,2
4967,175,570,3
4968,175,8,4
4969,175,31,5
4970,175,34,6
4971,175,67,7
4972,175,65,8
4973,175,249,9
4974,175,68,10
4975,175,300,11
4976,175,18,12
4977,175,11,13
4978,175,9,14
4979,175,1164,15
4980,175,70,16
4981,175,58,17
4982,175,61,18
4983,175,64,19
4984,175,21,20
4985,175,30,21
4986,175,284,22
4987,175,285,23
4988,175,287,24
4989,175,62,25
4990,175,63,26
4991,175,20,27
4992,175,25,28
4993,175,103,29
4994,175,111,30
4995,175,153,31
4996,176,1,1
4997,176,31,2
4998,176,34,3
4999,176,39,4
5000,176,8,5
5001,176,35,6
5002,176,36,7
5003,176,446,8
5004,176,111,9
5005,176,41,10
5006,176,899,11
5007,176,728,12
5008,176,42,13
5009,176,71,14
5010,176,27,15
5011,176,736,16
5012,176,134,17
5013,176,274,18
5014,176,346,19
5015,176,273,20
5016,176,21,21
5017,176,81,22
5018,176,440,23
5019,176,1018,24
5020,176,79,25
5021,176,70,26
5022,176,581,27
5023,176,1165,28
5024,176,102,29
5025,176,1166,30
5026,176,94,31
5027,176,1167,32
5028,176,249,33
5029,176,77,34
5030,176,67,35
5031,176,65,36
5032,176,66,37
5033,176,68,38
5034,177,1035,1
5035,177,7,2
5036,177,38,3
5037,177,31,4
5038,177,1168,5
5039,177,19,6
5040,177,302,7
5041,177,589,8
5042,177,189,9
5043,177,1169,10
5044,177,489,11
5045,177,1170,12
5046,177,1171,13
5047,177,1172,14
5048,177,1173,15
5049,177,67,16
5050,177,1174,17
5051,177,1175,18
5052,177,1176,19
5053,177,1044,20
5054,177,1177,21
5055,177,1178,22
5056,177,1179,23
5057,177,1180,24
5058,177,1181,25
5059,177,1182,26
5060,177,1183,27
5061,177,81,28
5062,177,123,29
5063,177,688,30
5064,177,366,31
5065,177,14,32
5066,177,696,33
5067,177,1184,34
5068,177,85,35
5069,177,728,36
5070,177,34,37
5071,177,234,38
5072,177,94,39
5073,177,970,40
5074,177,965,41
5075,177,28,42
5076,177,21,43
5077,177,86,44
5078,177,241,45
5079,177,409,46
5080,178,850,1
5081,178,177,2
5082,178,150,3
5083,178,31,4
5084,178,15,5
5085,178,564,6
5086,178,20,7
5087,178,94,8
5088,178,120,9
5089,178,149,10
5090,178,71,11
5091,178,1185,12
5092,179,1,1
5093,179,7,2
5094,179,813,3
5095,179,1186,4
5096,179,31,5
5097,179,302,6
5098,179,19,7
5099,179,142,8
5100,179,1187,9
5101,179,120,10
5102,179,20,11
5103,179,113,12
5104,179,444,13
5105,179,1188,14
5106,179,269,15
5107,179,511,16
5108,179,70,17
5109,179,1156,18
5110,179,254,19
5111,179,111,20
5112,179,49,21
5113,179,453,22
5114,179,59,23
5115,179,807,24
5116,179,546,25
5117,179,1189,26
5118,179,165,27
5119,179,80,28
5120,179,28,29
5121,179,512,30
5122,179,38,31
5123,179,160,32
5124,179,1190,33
5125,180,850,1
5126,180,302,2
5127,180,982,3
5128,180,296,4
5129,180,760,5
5130,180,983,6
5131,180,20,7
5132,180,1191,8
5133,180,1192,9
5134,180,1099,10
5135,180,293,11
5136,180,130,12
5137,180,520,13
5138,180,770,14
5139,180,976,15
5140,180,985,16
5141,180,88,17
5142,180,980,18
5143,180,941,19
5144,180,1193,20
5145,181,108,1
5146,181,76,2
5147,181,31,3
5148,181,61,4
5149,181,775,5
5150,181,15,6
5151,181,20,7
5152,181,165,8
5153,181,1194,9
5154,181,113,10
5155,181,120,11
5156,181,21,12
5157,181,766,13
5158,181,769,14
5159,181,1195,15
5160,182,1,1
5161,182,1196,2
5162,182,191,3
5163,182,85,4
5164,182,729,5
5165,182,159,6
5166,182,134,7
5167,182,578,8
5168,182,540,9
5169,182,8,10
5170,182,1197,11
5171,182,565,12
5172,182,35,13
5173,182,36,14
5174,182,111,15
5175,182,651,16
5176,182,222,17
5177,182,71,18
5178,182,141,19
5179,182,274,20
5180,182,345,21
5181,182,728,22
5182,182,1198,23
5183,182,113,24
5184,182,27,25
5185,182,482,26
5186,182,83,27
5187,182,428,28
5188,182,21,29
5189,182,1199,30
5190,182,73,31
5191,182,186,32
5192,182,31,33
5193,182,61,34
5194,182,81,35
5195,182,43,36
5196,182,94,37
5197,182,34,38
5198,182,1200,39
5199,182,1201,40
5200,183,108,1
5201,183,85,2
5202,183,34,3
5203,183,1202,4
5204,183,550,5
5205,183,169,6
5206,183,1203,7
5207,183,509,8
5208,183,1204,9
5209,183,1205,10
5210,183,1206,11
5211,183,31,12
5212,183,104,13
5213,183,51,14
5214,183,1207,15
5215,183,1208,16
5216,183,325,17
5217,183,54,18
5218,183,254,19
5219,183,1209,20
5220,183,1210,21
5221,183,395,22
5222,183,1211,23
5223,183,20,24
5224,183,21,25
5225,183,856,26
5226,183,382,27
5227,183,370,28
5228,183,106,29
5229,183,259,30
5230,183,513,31
5231,184,1,1
5232,184,15,2
5233,184,253,3
5234,184,8,4
5235,184,31,5
5236,184,243,6
5237,184,147,7
5238,184,158,8
5239,184,81,9
5240,184,1212,10
5241,184,1213,11
5242,184,34,12
5243,184,839,13
5244,184,305,14
5245,184,227,15
5246,184,103,16
5247,184,35,17
5248,184,402,18
5249,185,978,1
5250,185,76,2
5251,185,1214,3
5252,185,1215,4
5253,185,1216,5
5254,185,1217,6
5255,185,1218,7
5256,185,1219,8
5257,185,1220,9
5258,185,1221,10
5259,185,1222,11
5260,185,1223,12
5261,185,976,13
5262,185,1224,14
5263,185,766,15
5264,185,758,16
5265,185,1225,17
5266,185,1226,18
5267,185,1227,19
5268,185,908,20
5269,185,1228,21
5270,185,985,22
5271,185,1229,23
5272,185,160,24
5273,185,88,25
5274,185,1230,26
5275,185,986,27
5276,185,404,28
5277,185,1231,29
5278,186,978,1
5279,186,830,2
5280,186,1232,3
5281,186,1233,4
5282,186,1234,5
5283,186,1235,6
5284,186,80,7
5285,186,664,8
5286,186,979,9
5287,186,29,10
5288,186,169,11
5289,186,1236,12
5290,186,1237,13
5291,186,812,14
5292,186,70,15
5293,186,976,16
5294,186,1238,17
5295,186,656,18
5296,186,770,19
5297,186,193,20
5298,186,15,21
5299,186,892,22
5300,186,1239,23
5301,186,1240,24
5302,186,760,25
5303,186,1241,26
5304,186,1242,27
5305,186,88,28
5306,186,1243,29
5307,186,986,30
5308,186,1244,31
5309,186,1105,32
5310,186,1245,33
5311,187,1,1
5312,187,467,2
5313,187,31,3
5314,187,163,4
5315,187,1246,5
5316,187,902,6
5317,187,535,7
5318,187,1247,8
5319,187,1248,9
5320,187,61,10
5321,187,634,11
5322,187,1249,12
5323,187,254,13
5324,187,174,14
5325,187,346,15
5326,187,807,16
5327,187,372,17
5328,187,14,18
5329,187,34,19
5330,187,246,20
5331,187,20,21
5332,187,1250,22
5333,188,1,1
5334,188,34,2
5335,188,35,3
5336,188,36,4
5337,188,8,5
5338,188,31,6
5339,188,135,7
5340,188,321,8
5341,188,106,9
5342,188,1251,10
5343,188,28,11
5344,188,56,12
5345,188,70,13
5346,188,71,14
5347,188,61,15
5348,188,1252,16
5349,188,77,17
5350,188,1253,18
5351,188,21,19
5352,188,206,20
5353,188,139,21
5354,188,1254,22
5355,188,1255,23
5356,188,1256,24
5357,188,1257,25
5358,188,1247,26
5359,188,1258,27
5360,188,1259,28
5361,189,67,1
5362,189,1,2
5363,189,213,3
5364,189,31,4
5365,189,569,5
5366,189,332,6
5367,189,453,7
5368,189,517,8
5369,189,1260,9
5370,189,1261,10
5371,189,1025,11
5372,189,405,12
5373,189,1262,13
5374,189,249,14
5375,189,35,15
5376,189,36,16
5377,189,18,17
5378,189,11,18
5379,189,9,19
5380,189,8,20
5381,189,27,21
5382,189,138,22
5383,189,321,23
5384,189,34,24
5385,189,71,25
5386,189,1263,26
5387,189,10,27
5388,189,7,28
5389,189,87,29
5390,189,111,30
5391,189,88,31
5392,189,1264,32
5393,189,21,33
5394,189,28,34
5395,190,908,1
5396,190,34,2
5397,190,31,3
5398,190,56,4
5399,190,35,5
5400,190,36,6
5401,190,1265,7
5402,190,61,8
5403,190,257,9
5404,190,113,10
5405,190,71,11
5406,190,54,12
5407,191,108,1
5408,191,31,2
5409,191,1095,3
5410,191,303,4
5411,191,7,5
5412,191,15,6
5413,191,135,7
5414,191,440,8
5415,191,76,9
5416,191,17,10
5417,191,20,11
5418,191,236,12
5419,191,308,13
5420,191,43,14
5421,191,61,15
5422,191,1266,16
5423,191,274,17
5424,191,306,18
5425,191,284,19
5426,191,285,20
5427,191,34,21
5428,191,1267,22
5429,191,35,23
5430,191,36,24
5431,191,143,25
5432,191,1268,26
5433,191,62,27
5434,191,1269,28
5435,191,444,29
5436,191,28,30
5437,191,1141,31
5438,191,113,32
5439,191,21,33
5440,191,88,34
5441,191,115,35
5442,191,116,36
5443,192,1,1
5444,192,31,2
5445,192,163,3
5446,192,758,4
5447,192,35,5
5448,192,36,6
5449,192,222,7
5450,192,8,8
5451,192,195,9
5452,192,34,10
5453,192,1270,11
5454,192,1271,12
5455,192,352,13
5456,192,42,14
5457,192,538,15
5458,192,551,16
5459,192,27,17
5460,192,54,18
5461,192,21,19
5462,192,186,20
5463,192,657,21
5464,192,28,22
5465,192,61,23
5466,192,416,24
5467,192,417,25
5468,192,418,26
5469,192,419,27
5470,192,420,28
5471,192,266,29
5472,192,273,30
5473,192,15,31
5474,192,593,32
5475,192,20,33
5476,192,338,34
5477,192,86,35
5478,192,14,36
5479,192,7,37
5480,192,372,38
5481,192,749,39
5482,192,172,40
5483,192,1272,41
5484,192,1273,42
5485,192,240,43
5486,192,233,44
5487,192,135,45
5488,192,1274,46
5489,192,80,47
5490,192,239,48
5491,192,485,49
5492,192,1275,50
5493,192,152,51
5494,192,1068,52
5495,192,1276,53
5496,192,197,54
5497,192,1277,55
5498,192,1278,56
5499,192,1279,57
5500,192,489,58
5501,192,1069,59
5502,192,198,60
5503,192,1280,61
5504,192,582,62
5505,192,637,63
5506,192,1281,64
5507,193,1,1
5508,193,34,2
5509,193,31,3
5510,193,634,4
5511,193,111,5
5512,193,172,6
5513,193,1282,7
5514,193,149,8
5515,193,71,9
5516,193,774,10
5517,193,20,11
5518,193,510,12
5519,193,554,13
5520,193,200,14
5521,193,121,15
5522,193,722,16
5523,193,1283,17
5524,193,237,18
5525,193,1192,19
5526,193,1284,20
5527,193,7,21
5528,193,1285,22
5529,193,1286,23
5530,193,752,24
5531,193,1287,25
5532,193,1288,26
5533,193,1289,27
5534,193,1290,28
5535,193,35,29
5536,193,36,30
5537,193,145,31
5538,193,284,32
5539,193,103,33
5540,193,1291,34
5541,193,104,35
5542,193,1292,36
5543,194,1,1
5544,194,593,2
5545,194,158,3
5546,194,257,4
5547,194,1293,5
5548,194,246,6
5549,194,20,7
5550,194,345,8
5551,194,193,9
5552,194,106,10
5553,194,28,11
5554,194,61,12
5555,194,976,13
5556,194,770,14
5557,194,768,15
5558,194,984,16
5559,194,1294,17
5560,195,1,1
5561,195,1295,2
5562,195,31,3
5563,195,85,4
5564,195,1296,5
5565,195,1297,6
5566,195,1298,7
5567,195,1299,8
5568,195,61,9
5569,195,1300,10
5570,195,1301,11
5571,195,1302,12
5572,195,242,13
5573,195,1303,14
5574,195,1304,15
5575,195,71,16
5576,195,1305,17
5577,195,455,18
5578,195,86,19
5579,195,307,20
5580,195,14,21
5581,195,696,22
5582,195,1184,23
5583,195,35,24
5584,195,36,25
5585,195,1306,26
5586,195,241,27
5587,195,132,28
5588,195,186,29
5589,195,193,30
5590,195,115,31
5591,195,34,32
5592,195,87,33
5593,195,28,34
5594,195,88,35
5595,195,25,36
5596,195,361,37
5597,196,460,1
5598,196,31,2
5599,196,35,3
5600,196,36,4
5601,196,8,5
5602,196,34,6
5603,196,61,7
5604,196,624,8
5605,196,21,9
5606,196,1068,10
5607,196,1307,11
5608,196,266,12
5609,196,1,13
5610,196,840,14
5611,197,1,1
5612,197,163,2
5613,197,314,3
5614,197,35,4
5615,197,36,5
5616,197,8,6
5617,197,807,7
5618,197,174,8
5619,197,101,9
5620,197,1308,10
5621,197,1309,11
5622,197,56,12
5623,197,870,13
5624,197,34,14
5625,197,1310,15
5626,197,31,16
5627,197,106,17
5628,197,366,18
5629,197,1311,19
5630,197,80,20
5631,197,28,21
5632,197,346,22
5633,197,186,23
5634,197,342,24
5635,197,460,25
5636,197,349,26
5637,197,61,27
5638,197,694,28
5639,197,747,29
5640,197,1312,30
5641,197,1313,31
5642,197,667,32
5643,197,1314,33
5644,197,1315,34
5645,197,1316,35
5646,197,1317,36
5647,197,1318,37
5648,197,1319,38
5649,197,1320,39
5650,197,1321,40
5651,197,1322,41
5652,197,521,42
5653,197,336,43
5654,197,1323,44
5655,197,113,45
5656,197,1324,46
5657,197,54,47
5658,197,115,48
5659,197,1325,49
5660,197,29,50
5661,197,755,51
5662,198,108,1
5663,198,1159,2
5664,198,31,3
5665,198,1326,4
5666,198,38,5
5667,198,347,6
5668,198,102,7
5669,198,71,8
5670,198,749,9
5671,198,61,10
5672,198,94,11
5673,198,1327,12
5674,198,78,13
5675,198,819,14
5676,198,1328,15
5677,198,317,16
5678,198,459,17
5679,198,1329,18
5680,198,1330,19
5681,198,99,20
5682,198,1331,21
5683,198,1332,22
5684,198,219,23
5685,198,1333,24
5686,198,59,25
5687,198,23,26
5688,198,302,27
5689,198,24,28
5690,198,216,29
5691,198,1334,30
5692,198,1335,31
5693,198,1336,32
5694,198,81,33
5695,198,201,34
5696,198,14,35
5697,198,696,36
5698,198,1337,37
5699,198,965,38
5700,198,1184,39
5701,198,132,40
5702,198,542,41
5703,198,430,42
5704,198,710,43
5705,198,976,44
5706,198,524,45
5707,198,434,46
5708,198,432,47
5709,198,433,48
5710,198,1338,49
5711,199,1,1
5712,199,34,2
5713,199,1339,3
5714,199,20,4
5715,199,61,5
5716,199,30,6
5717,199,21,7
5718,199,115,8
5719,199,1340,9
5720,200,108,1
5721,200,15,2
5722,200,253,3
5723,200,19,4
5724,200,29,5
5725,200,1293,6
5726,200,243,7
5727,200,314,8
5728,200,42,9
5729,200,158,10
5730,200,1341,11
5731,200,735,12
5732,200,83,13
5733,200,82,14
5734,200,347,15
5735,200,1342,16
5736,201,1343,1
5737,201,1344,2
5738,201,1345,3
5739,201,1346,4
5740,201,1347,5
5741,201,1348,6
5742,201,1349,7
5743,201,94,8
5744,201,1350,9
5745,201,1351,10
5746,201,948,11
5747,201,1352,12
5748,201,1353,13
5749,201,1354,14
5750,201,1355,15
5751,202,108,1
5752,202,189,2
5753,202,31,3
5754,202,1356,4
5755,202,15,5
5756,202,20,6
5757,202,21,7
5758,202,81,8
5759,202,1357,9
5760,203,850,1
5761,203,34,2
5762,203,132,3
5763,203,1358,4
5764,203,85,5
5765,203,1359,6
5766,203,31,7
5767,203,819,8
5768,203,20,9
5769,203,172,10
5770,203,113,11
5771,203,121,12
5772,203,111,13
5773,203,1360,14
5774,203,28,15
5775,203,106,16
5776,203,396,17
5777,203,1361,18
5778,203,284,19
5779,203,248,20
5780,203,1362,21
5781,203,1363,22
5782,203,81,23
5783,203,29,24
5784,203,1364,25
5785,203,976,26
5786,203,766,27
5787,203,1365,28
5788,203,1366,29
5789,203,769,30
5790,203,88,31
5791,203,10,32
5792,203,1367,33
5793,203,94,34
5794,203,104,35
5795,203,966,36
5796,203,1337,37
5797,203,1368,38
5798,203,1369,39
5799,203,1370,40
5800,203,1371,41
5801,203,1372,42
5802,203,1373,43
5803,203,1374,44
5804,203,1375,45
5805,204,1,1
5806,204,34,2
5807,204,31,3
5808,204,163,4
5809,204,35,5
5810,204,36,6
5811,204,71,7
5812,204,61,8
5813,204,284,9
5814,204,62,10
5815,204,63,11
5816,204,64,12
5817,204,70,13
5818,204,321,14
5819,204,56,15
5820,204,85,16
5821,204,635,17
5822,204,632,18
5823,204,249,19
5824,204,66,20
5825,204,43,21
5826,204,77,22
5827,204,1376,23
5828,204,124,24
5829,204,111,25
5830,204,273,26
5831,204,338,27
5832,204,184,28
5833,204,81,29
5834,204,274,30
5835,204,113,31
5836,204,21,32
5837,204,395,33
5838,204,646,34
5839,205,1,1
5840,205,31,2
5841,205,19,3
5842,205,8,4
5843,205,476,5
5844,205,590,6
5845,205,7,7
5846,205,1377,8
5847,205,152,9
5848,205,1378,10
5849,205,1098,11
5850,205,459,12
5851,205,1379,13
5852,205,463,14
5853,205,17,15
5854,205,27,16
5855,205,76,17
5856,205,736,18
5857,205,1380,19
5858,205,113,20
5859,205,589,21
5860,205,26,22
5861,205,28,23
5862,205,86,24
5863,205,20,25
5864,205,1058,26
5865,206,1,1
5866,206,34,2
5867,206,1381,3
5868,206,163,4
5869,206,1382,5
5870,206,56,6
5871,206,31,7
5872,206,321,8
5873,206,20,9
5874,206,113,10
5875,206,246,11
5876,206,344,12
5877,206,88,13
5878,206,109,14
5879,206,1076,15
5880,206,81,16
5881,206,346,17
5882,206,70,18
5883,206,106,19
5884,206,28,20
5885,206,62,21
5886,206,136,22
5887,206,293,23
5888,206,1383,24
5889,206,769,25
5890,206,772,26
5891,206,768,27
5892,206,1384,28
5893,206,752,29
5894,206,976,30
5895,206,770,31
5896,206,1385,32
5897,206,1386,33
5898,206,1387,34
5899,206,973,35
5900,206,1388,36
5901,206,1389,37
5902,206,348,38
5903,206,94,39
5904,206,1390,40
5905,207,1035,1
5906,207,34,2
5907,207,163,3
5908,207,31,4
5909,207,38,5
5910,207,35,6
5911,207,36,7
5912,207,161,8
5913,207,85,9
5914,207,113,10
5915,207,302,11
5916,207,274,12
5917,207,651,13
5918,207,256,14
5919,207,123,15
5920,207,21,16
5921,207,1391,17
5922,207,1392,18
5923,207,28,19
5924,207,56,20
5925,207,284,21
5926,207,77,22
5927,207,18,23
5928,207,11,24
5929,207,9,25
5930,207,624,26
5931,207,10,27
5932,207,94,28
5933,207,270,29
5934,207,1107,30
5935,207,1393,31
5936,208,108,1
5937,208,34,2
5938,208,85,3
5939,208,56,4
5940,208,453,5
5941,208,81,6
5942,208,31,7
5943,208,20,8
5944,208,988,9
5945,208,28,10
5946,208,21,11
5947,208,470,12
5948,208,399,13
5949,208,1394,14
5950,208,88,15
5951,208,105,16
5952,208,112,17
5953,208,644,18
5954,208,645,19
5955,208,646,20
5956,208,647,21
5957,208,1395,22
5958,209,1,1
5959,209,61,2
5960,209,20,3
5961,209,21,4
5962,210,1396,1
5963,210,31,2
5964,210,111,3
5965,210,85,4
5966,210,35,5
5967,210,36,6
5968,210,71,7
5969,210,842,8
5970,210,142,9
5971,210,1397,10
5972,210,56,11
5973,210,88,12
5974,210,42,13
5975,210,82,14
5976,210,246,15
5977,210,347,16
5978,210,1,17
5979,210,361,18
5980,211,908,1
5981,211,383,2
5982,211,1,3
5983,211,31,4
5984,211,34,5
5985,211,828,6
5986,211,8,7
5987,211,163,8
5988,211,61,9
5989,211,35,10
5990,211,36,11
5991,211,56,12
5992,211,86,13
5993,211,619,14
5994,211,886,15
5995,211,77,16
5996,211,620,17
5997,211,70,18
5998,211,113,19
5999,211,54,20
6000,211,257,21
6001,211,21,22
6002,211,186,23
6003,211,346,24
6004,211,966,25
6005,211,67,26
6006,211,635,27
6007,211,572,28
6008,211,326,29
6009,211,1398,30
6010,211,1212,31
6011,211,1399,32
6012,211,111,33
6013,211,1400,34
6014,211,110,35
6015,211,1401,36
6016,211,1402,37
6017,211,1403,38
6018,212,1,1
6019,212,34,2
6020,212,8,3
6021,212,31,4
6022,212,147,5
6023,212,35,6
6024,212,36,7
6025,212,56,8
6026,212,67,9
6027,212,518,10
6028,212,81,11
6029,212,519,12
6030,212,238,13
6031,212,71,14
6032,212,111,15
6033,212,21,16
6034,212,257,17
6035,212,249,18
6036,212,27,19
6037,212,54,20
6038,212,123,21
6039,212,18,22
6040,212,11,23
6041,212,9,24
6042,212,10,25
6043,212,138,26
6044,212,581,27
6045,213,108,1
6046,213,252,2
6047,213,31,3
6048,213,380,4
6049,213,61,5
6050,213,85,6
6051,213,1404,7
6052,213,121,8
6053,213,1405,9
6054,213,1406,10
6055,213,417,11
6056,213,81,12
6057,213,83,13
6058,213,293,14
6059,213,88,15
6060,213,1407,16
